Date,Open,High,Low,Close,Volume
1/4/2011,32.5,33.3,32.3,33,105964752
1/5/2011,33,33.2,32.8,33.2,60864168
1/6/2011,33.3,33.4,32.9,33.2,39651640
1/7/2011,33.1,33.1,32.2,32.2,55886640
1/10/2011,32.1,32.2,31.6,31.8,95325912
1/11/2011,31.8,32,31.5,31.9,53079672
1/12/2011,32.3,33,32.3,32.9,116465088
1/13/2011,33.3,33.3,32.9,33.3,78504952
1/14/2011,33.2,33.2,33,33.2,34530008
1/17/2011,33.1,33.1,32.6,32.8,28067720
1/18/2011,33,33.6,32.9,33.4,56352360
1/19/2011,33.6,34.2,33.4,34.2,94697296
1/20/2011,33.8,34.2,33.4,33.9,87858232
1/21/2011,33.5,33.9,33.5,33.9,66542192
1/24/2011,33.6,33.6,32.1,32.1,87229848
1/25/2011,32.1,32.7,31.8,32.3,97874248
1/26/2011,32.6,33.7,32.4,33.7,92488400
1/27/2011,33.8,34.6,33.5,34.4,145945072
1/28/2011,34.1,34.3,33.7,34.2,61916872
1/31/2011,33.7,34.3,33.5,33.5,52887360
2/1/2011,33.9,34.5,33.8,33.8,75645296
2/2/2011,34.3,34.5,34.2,34.4,39412672
2/3/2011,34.4,34.6,34.3,34.5,22229730
2/4/2011,35.1,35.1,34.5,34.5,85247792
2/7/2011,34.1,34.3,33.6,33.9,87217712
2/8/2011,33.7,34,33.6,33.7,33251490
2/9/2011,33.5,33.7,32.9,33,65000500
2/10/2011,32.7,32.9,32,32,75864552
2/11/2011,32,32,31.3,31.6,93436688
2/14/2011,32,32.5,31.9,32.4,55090520
2/15/2011,32.4,32.7,32.2,32.6,51551968
2/16/2011,32.5,33.1,32.5,32.9,55126088
2/17/2011,33,33.4,33,33.4,61346540
2/21/2011,33.6,33.6,33,33.1,59921900
2/22/2011,32.7,33.4,32.7,33.3,46224180
2/23/2011,33.5,34,33.4,33.9,76650320
2/24/2011,34.3,34.5,33.9,34,61417768
2/25/2011,33.9,34.8,33.8,34.3,83331320
2/28/2011,33.9,34.2,33.6,33.7,72790112
3/1/2011,33.8,34,33.6,33.9,39667680
3/2/2011,33.8,33.9,33.2,33.4,58243552
3/3/2011,33.7,33.7,33.1,33.2,41104260
3/4/2011,33.5,33.7,33.3,33.3,23783600
3/7/2011,33.6,34.2,33.5,34.2,45882200
3/8/2011,34.5,34.9,34.3,34.8,77337808
3/9/2011,35,35,34.4,34.4,36834040
3/10/2011,34.4,34.6,34.3,34.6,18353290
3/11/2011,34.3,34.5,34.1,34.3,32638550
3/14/2011,34.3,34.9,34.2,34.9,34751848
3/15/2011,34,34.3,33.7,33.8,61050880
3/16/2011,34,34.1,33.7,33.9,42630240
3/17/2011,33.6,33.7,33.3,33.6,51292288
3/18/2011,33.8,34,33.7,33.7,27308000
3/21/2011,34.1,34.4,34,34.3,29888200
3/22/2011,34.3,34.5,34.1,34.2,32614010
3/23/2011,34.2,34.6,34.2,34.5,28445000
3/24/2011,34.7,34.8,34.5,34.7,29493120
3/25/2011,34.9,34.9,34.6,34.8,25606310
3/28/2011,34.9,34.9,34.5,34.6,15683590
3/29/2011,34.7,35.1,34.6,34.6,65424272
3/30/2011,34.8,35.2,34.8,35.2,55063000
3/31/2011,35.3,35.5,35,35.4,44391632
4/1/2011,35.6,36,35.5,35.7,47036740
4/4/2011,36.1,36.8,36.1,36.8,60841280
4/5/2011,36.7,36.8,36.6,36.8,23920740
4/7/2011,37,37.7,36.9,37.7,70435760
4/8/2011,37.9,38.1,37.5,37.6,75546848
4/11/2011,37.9,38.3,36.7,36.8,61272768
4/12/2011,36.4,37.1,36.2,37.1,60960192
4/18/2011,37.5,37.8,37.4,37.5,50842220
4/19/2011,37.3,37.9,37.1,37.7,58683888
4/20/2011,38,38.4,37.9,38.4,72530480
4/21/2011,38.7,38.7,38.2,38.3,39381360
4/22/2011,38.1,38.2,37.8,38,19818890
4/25/2011,37.9,38.1,37.6,37.9,14510160
4/26/2011,37.6,37.8,37.3,37.6,29287990
4/27/2011,37.8,38,37.5,37.7,27982110
4/28/2011,37.9,38,37.3,37.3,28263170
4/29/2011,37.3,37.5,36.7,37.5,45302620
5/3/2011,37.5,37.5,36.1,36.4,56904500
5/4/2011,36.4,36.5,35.7,36.1,63142272
5/6/2011,35.3,35.4,34.5,34.7,132885832
5/9/2011,34.8,35.9,34.7,35.8,59498752
5/10/2011,36,36.3,35.7,36.1,36937020
5/11/2011,36.4,37.2,36.4,36.8,61323672
5/12/2011,36.5,36.7,36,36,44968088
5/13/2011,36.4,36.5,35.8,36.1,45410648
5/18/2011,35.9,36.2,35.6,36.2,46564140
5/19/2011,36.4,36.6,36.3,36.6,29544620
5/20/2011,36.6,36.6,36,36.1,26977640
5/23/2011,35.6,35.7,35,35.2,58562800
5/24/2011,35,35.3,34.8,35.2,68663968
5/25/2011,35.1,35.3,34.8,34.8,59193200
5/26/2011,35,35.6,35,35.2,56119780
5/27/2011,35.4,35.6,35.3,35.4,23950100
5/30/2011,35.6,35.8,35.2,35.8,28969190
5/31/2011,35.9,36,35.3,35.4,61023540
6/1/2011,35.6,35.6,34.8,35,52384120
6/2/2011,34.6,34.9,34.6,34.7,30949550
6/3/2011,34.7,35,34.7,34.7,33125800
6/6/2011,34.6,34.6,34.1,34.3,32164820
6/7/2011,34.3,34.5,33.9,33.9,59416672
6/8/2011,33.7,33.8,32.9,33,75285824
6/9/2011,32.9,33.4,32.8,33.3,68367592
6/10/2011,33.5,33.6,33.3,33.4,26036630
6/13/2011,33.2,33.3,32.9,33.1,29220330
6/14/2011,33.3,33.9,33.1,33.9,45495840
6/15/2011,33.9,33.9,33.4,33.4,27920040
6/16/2011,33.1,33.3,33,33.2,20559720
6/17/2011,33.4,33.4,32.8,33,25430210
6/20/2011,33.1,33.2,32.9,32.9,25652230
6/21/2011,33.1,33.6,33,33.4,51127920
6/22/2011,33.5,33.5,32.9,33,71776160
6/23/2011,32.9,33.2,32.8,32.9,25919250
6/24/2011,33,33.4,32.8,33.4,46796000
6/27/2011,32.8,33,32.3,32.4,82403184
6/28/2011,32.5,32.7,32.4,32.4,44565272
6/29/2011,32.7,33.4,32.7,33.3,41374120
6/30/2011,33.6,33.6,33.3,33.5,31957110
7/4/2011,34.8,35.5,34.4,35.1,113681616
7/5/2011,35.2,35.3,34.7,34.7,49710360
7/6/2011,34.5,34.6,33.8,34,111466640
7/7/2011,34.1,34.2,33.5,33.9,70154800
7/8/2011,34,34.1,33.2,33.5,147797232
7/11/2011,33.1,33.4,33,33.1,58827752
7/12/2011,32.8,33.4,32.8,32.9,92346080
7/13/2011,33.3,33.4,33.1,33.2,52520020
7/14/2011,33.1,33.4,33.1,33.4,37278140
7/18/2011,33.8,33.9,33.5,33.8,69719440
7/19/2011,33.8,34.2,33.7,34,70471128
7/20/2011,34.4,34.8,34.3,34.6,78903696
7/21/2011,34.7,35,34.6,34.9,58819980
7/22/2011,35.1,35.4,35.1,35.2,52505520
7/25/2011,34.7,35,34.7,35,48075992
7/26/2011,35,35.1,34.7,34.8,42284800
7/27/2011,34.8,35.3,34.8,35.1,31236980
7/28/2011,34.9,35.2,34.8,35.1,34712120
7/29/2011,35,35.1,34.3,34.7,70758944
8/1/2011,35.1,35.3,34.8,35,55281160
8/2/2011,35,35.1,34.7,34.8,30590680
8/3/2011,34.4,34.5,34.1,34.3,77612016
8/4/2011,34.4,34.5,34,34,33982632
8/5/2011,33.2,33.3,32.6,33,128660472
8/8/2011,32.2,32.6,31.8,32.2,104739376
8/9/2011,31.1,31.9,30.9,31.1,141139232
8/10/2011,31.6,31.8,31.3,31.7,77663512
8/11/2011,31.6,31.8,31.4,31.5,56869672
8/15/2011,32.1,32.7,32,32.7,76057992
8/16/2011,32.9,32.9,32.3,32.3,47482840
8/17/2011,32.7,33.2,32.5,33.2,44990872
8/18/2011,33.3,33.4,32.8,32.9,42266728
8/19/2011,32.2,32.3,31.8,31.8,96503432
8/22/2011,31.7,31.8,31.2,31.5,88054728
8/23/2011,31.6,32,31.4,31.6,49094740
8/24/2011,31.6,31.8,31.3,31.5,35056152
8/25/2011,31.8,31.8,30.9,30.9,68618912
8/26/2011,30.7,31.8,30.7,31.7,71803232
8/29/2011,31.8,32.9,31.6,32.9,76582704
8/30/2011,33.1,33.2,32.2,32.2,61182500
8/31/2011,32.5,33,32.4,32.9,57893280
9/1/2011,33.4,33.4,32.9,33,57408300
9/2/2011,33.2,33.2,32.5,32.8,58853500
9/5/2011,32.5,32.6,32.2,32.4,74247120
9/6/2011,31.7,31.9,31.4,31.9,49886088
9/7/2011,32.1,32.4,31.9,32.4,24601670
9/8/2011,32.3,32.6,32.1,32.6,29129720
9/9/2011,32.5,32.6,32.1,32.1,28335130
9/12/2011,31.6,31.8,31.1,31.4,41577720
9/13/2011,31.5,31.6,30.9,31,54144980
9/14/2011,31.3,31.4,30.7,31.2,57891768
9/15/2011,31.3,31.7,31,31.6,43576160
9/16/2011,31.8,31.9,30.9,31,52180200
9/19/2011,30.8,30.9,30.6,30.6,35368980
9/20/2011,30.6,31.2,30.4,31,42770480
9/21/2011,30.9,31.2,30.8,31.2,23244020
9/22/2011,30.7,30.7,30.1,30.2,62185860
9/23/2011,29.6,29.6,28.8,29,127726656
9/26/2011,28.9,28.9,25.4,26.7,179903280
9/27/2011,27.4,28.3,26.8,28.3,136480704
9/28/2011,28,28.2,27.1,27.1,111490128
9/29/2011,26.5,27,26.3,26.3,135429888
9/30/2011,26.4,26.7,25.9,26,83136120
10/3/2011,25,25.1,24.1,24.4,111105120
10/4/2011,24.4,24.6,23.6,24.2,143093104
10/5/2011,24.5,25.1,24.3,25,96561392
10/6/2011,26.4,27.5,26.1,27.5,125762288
10/7/2011,28.6,28.7,27.4,27.4,126653664
10/10/2011,27,28,26.8,28,57913160
10/11/2011,28.6,29.2,28.5,29.2,140148720
10/12/2011,29,29.7,28.7,29.3,95037568
10/13/2011,29.5,29.5,28.4,28.4,72370840
10/14/2011,28.3,29.2,28.2,29.2,69379928
10/17/2011,29.5,30.1,29.3,30,79448752
10/18/2011,29.3,29.4,28.8,29.3,61862832
10/19/2011,29.6,29.6,28.7,29,37125568
10/20/2011,28.4,28.7,27.5,27.7,65036920
10/21/2011,27.7,28.5,27.7,28.4,36358832
10/25/2011,29,29.8,28.9,29.7,107190240
10/26/2011,29.4,29.9,29,29.3,54826340
10/27/2011,29.8,30.7,29.8,30.6,119164952
10/28/2011,31,31.8,31,31.2,75534312
10/31/2011,31.2,31.2,30.6,30.6,43098208
11/1/2011,30.5,30.7,29.5,29.5,69433928
11/2/2011,29.4,30,29,29.8,93073512
11/3/2011,29.2,29.5,28.9,29.4,60518960
11/4/2011,29.7,29.9,29.1,29.1,63310920
11/7/2011,29.3,29.5,29,29.1,27583180
11/8/2011,29.3,30.6,29.2,30.6,57179128
11/9/2011,30.2,30.7,29.6,29.6,118938440
11/10/2011,29.2,30.2,29.1,30.1,77693456
11/11/2011,30.1,30.3,29.8,30,55403740
11/14/2011,30.6,30.8,30.4,30.4,72577296
11/15/2011,30.5,30.7,30.1,30.3,35273640
11/16/2011,30.3,30.8,30.2,30.8,22926310
11/17/2011,30.7,31,30.6,30.7,42053408
11/18/2011,30.3,30.7,30.2,30.3,27668980
11/21/2011,30,30.3,29.6,29.7,34954760
11/22/2011,30.4,30.4,29.7,30.1,35277440
11/23/2011,29.9,30.2,29.8,29.9,19856330
11/24/2011,29.9,30.1,29.9,30.1,18337860
11/25/2011,29.9,30.1,29.6,29.7,16280750
11/28/2011,30,30.3,30,30.2,37916480
11/29/2011,30.1,30.5,30,30,34835880
11/30/2011,30.2,30.6,30.1,30.6,39893520
12/1/2011,31.5,31.7,31.3,31.6,79922328
12/2/2011,31.6,32.1,31.4,32,57726792
12/6/2011,32.1,32.4,31.7,32.2,59497528
12/7/2011,32.4,32.5,32.1,32.4,40855660
12/8/2011,32.1,32.7,32,32.5,38248352
12/9/2011,32.2,32.3,31.8,32,48408800
12/13/2011,32,32.2,31.8,31.8,34682288
12/14/2011,31.9,32.1,31.3,31.3,39049260
12/15/2011,31,31.5,30.8,31.5,43105768
12/16/2011,31.4,32,31.2,31.8,27441500
12/19/2011,31.7,31.9,31.5,31.6,24250770
12/20/2011,31.7,31.9,31.5,31.6,15887630
12/21/2011,32,32.3,32,32.1,30963890
12/22/2011,32.1,32.3,32,32.2,18130680
12/23/2011,32.2,32.3,31.9,31.9,18378680
12/26/2011,32,32,31.6,31.7,6309250
12/27/2011,31.7,31.8,31.3,31.8,14001390
12/28/2011,31.8,31.8,31.4,31.7,11681800
12/29/2011,31.5,32,31.4,31.7,24301960
12/30/2011,31.8,31.9,31.6,31.8,11059240
1/4/2012,32.3,32.5,32.2,32.4,39905968
1/5/2012,32.4,32.8,32.3,32.8,43408200
1/6/2012,32.7,32.7,32.2,32.3,23965510
1/9/2012,32.2,32.5,32.1,32.4,33056130
1/10/2012,32.4,32.7,32.3,32.4,58136080
1/11/2012,32.4,32.7,32.3,32.4,41602488
1/12/2012,32.6,32.6,32.3,32.4,17752010
1/13/2012,32.3,32.4,32.1,32.2,22266600
1/16/2012,32,32.2,31.8,32.1,13305790
1/17/2012,32.4,33,32.3,33,58621912
1/18/2012,32.9,33.1,32.8,32.8,47274008
1/19/2012,33.1,33.3,33,33.3,45307080
1/20/2012,33.4,33.4,33,33,26203080
1/23/2012,33.1,33.3,32.9,33.1,12011390
1/24/2012,33.3,33.4,33,33,16796790
1/25/2012,33.2,33.2,32.5,32.6,20795460
1/26/2012,32.8,33.3,32.7,33.2,22803360
1/27/2012,33.3,33.8,33.2,33.7,61009472
1/30/2012,33.6,34,33.6,34,45579432
1/31/2012,34.2,34.2,33.6,34,29299630
2/1/2012,33.9,34,33.6,33.9,25321140
2/2/2012,34,34.4,33.9,34.2,52990808
2/3/2012,34.2,34.3,34,34.3,30700460
2/6/2012,34.5,34.6,34.1,34.1,33833120
2/7/2012,34.2,34.3,33.9,34.1,30029330
2/8/2012,34.4,34.9,34.3,34.8,66718720
2/9/2012,34.9,35.1,34.7,35.1,65038960
2/10/2012,35,35,34.7,34.8,31521130
2/13/2012,34.8,34.9,34.5,34.6,41801352
2/14/2012,34.3,34.6,33.7,33.8,72383768
2/15/2012,34.1,34.7,34,34.4,75291744
2/16/2012,34.3,34.4,33.9,34.1,57698900
2/17/2012,34.4,34.5,34,34.4,64528648
2/20/2012,34.9,35.4,34.8,35.4,93870064
2/21/2012,35.5,36,35.4,35.7,69577928
2/22/2012,35.8,36,35.6,35.8,71616648
2/23/2012,35.8,36,35.2,35.9,80271288
2/24/2012,36.1,36.3,36,36.2,60995100
2/27/2012,36.4,36.4,35.4,35.7,43090312
2/28/2012,35.5,36,35.5,36,36880600
2/29/2012,36.1,36.3,35.9,36.3,49987488
3/1/2012,36.1,36.4,36,36.4,41506800
3/2/2012,36.6,36.9,36.5,36.5,59222940
3/5/2012,35.8,36,35.6,35.8,44612712
3/6/2012,35.6,35.7,35.2,35.3,55475880
3/8/2012,35.5,35.8,35.4,35.7,49218128
3/9/2012,35.7,35.7,35,35.1,47116660
3/12/2012,35.2,35.4,34.5,34.6,38751568
3/13/2012,34.7,34.8,33.8,34.2,72415152
3/14/2012,34.6,34.9,34.5,34.8,43940088
3/15/2012,35,35.1,34.5,34.5,34979672
3/16/2012,35,35.4,34.6,35.4,53503760
3/19/2012,35.7,35.7,35.2,35.2,33876800
3/20/2012,35.3,35.5,35.1,35.5,22423950
3/21/2012,35.2,35.4,34.9,35.4,63822540
3/22/2012,35.5,35.6,34.7,34.7,38037280
3/23/2012,34.8,35.1,34.5,34.9,37871940
3/26/2012,35.1,35.2,34.8,34.8,26781170
3/27/2012,35.2,35.7,35.1,35.6,58542552
3/28/2012,35.8,36,35.5,35.9,59235368
3/29/2012,35.6,35.8,35.4,35.8,37659968
3/30/2012,35.8,35.8,35.3,35.4,37368940
4/2/2012,35.4,35.8,35.3,35.7,15809390
4/3/2012,35.9,36,35.6,35.9,41149520
4/4/2012,35.6,35.8,35.4,35.4,19752330
4/5/2012,35.4,35.4,34.8,34.9,35004832
4/10/2012,34.9,35,34.5,34.9,25389010
4/11/2012,34.7,34.7,34,34.1,42044712
4/12/2012,34.3,34.5,34.2,34.4,18239240
4/17/2012,34.7,34.7,33.5,33.5,55745552
4/18/2012,34.1,34.5,34.1,34.3,43695640
4/19/2012,34.4,35.1,34.3,35.1,44855740
4/20/2012,35.1,35.5,35,35.4,32887380
4/23/2012,35.5,35.5,34.5,34.7,21146980
4/24/2012,34.7,34.8,34.5,34.8,23533000
4/25/2012,34.8,34.9,34.5,34.6,24647540
4/26/2012,34.7,35,34.6,34.7,17976720
4/27/2012,34.8,35,34.2,34.4,29536370
4/30/2012,34.6,35.1,34.5,35.1,28523830
5/2/2012,35.4,36,35.3,35.9,72641032
5/3/2012,35.9,36,35.7,35.9,25306120
5/4/2012,35.8,35.8,35.1,35.3,47397528
5/8/2012,35,35.4,34.9,35.3,33090590
5/9/2012,35,35.2,34.4,34.5,50691328
5/10/2012,34,34.1,33.4,33.5,99898152
5/11/2012,33.4,33.6,33.1,33.6,59589448
5/14/2012,33.6,33.8,32.8,33,35298088
5/15/2012,32.9,33.6,32.5,33.5,56610248
5/16/2012,32.9,33.1,32.7,33.1,41784340
5/17/2012,33.1,33.3,32.9,33.2,36863260
5/18/2012,32.8,33,32.6,32.8,41050800
5/21/2012,32.6,32.8,32.2,32.2,37460320
5/22/2012,32.4,32.5,31.9,31.9,36168900
5/23/2012,31.6,31.8,30.8,30.8,43947860
5/24/2012,30.8,31.3,30.6,31.3,52140368
5/25/2012,31,31.1,30.6,30.7,74510512
5/28/2012,30.5,30.6,30,30.4,58101528
5/29/2012,30.5,31.4,30.4,31.3,51759112
5/30/2012,30.9,31,30.7,30.7,35738140
5/31/2012,30.4,31.3,30.2,31.3,55336400
6/1/2012,31,31,30.4,30.5,32218920
6/5/2012,30.7,30.7,30.3,30.3,33980288
6/6/2012,30.8,31,30.5,30.8,37734392
6/7/2012,31,31.2,30.5,30.8,37566472
6/8/2012,30.6,30.9,30.5,30.9,23708510
6/11/2012,31.3,32.1,31.3,32,50602380
6/12/2012,31.6,32.5,31.5,32.5,48061208
6/13/2012,32.7,32.7,32.3,32.6,33331110
6/14/2012,32.7,33.1,32.5,32.6,42437232
6/15/2012,32.8,33.8,32.8,33.3,96519840
6/18/2012,33.9,34,33,33.1,43213380
6/19/2012,33.2,33.6,33,33.5,24222030
6/20/2012,33.3,33.5,33,33.2,34474560
6/21/2012,32.7,32.8,32,32.1,56041088
6/22/2012,31.5,31.6,31.1,31.4,65766128
6/25/2012,31.1,31.4,31,31,37365840
6/26/2012,31,31.2,30.9,31.1,39396528
6/27/2012,31.4,31.6,31.2,31.6,36133000
6/28/2012,31.7,32.2,31.4,32,50545352
6/29/2012,32.1,32.5,32.1,32.3,44899072
7/2/2012,33,33.1,32.7,33,48655688
7/3/2012,33.2,33.4,33,33.3,32505080
7/4/2012,33.5,33.7,33.2,33.6,39654792
7/5/2012,33.6,33.9,33.3,33.8,37271632
7/6/2012,33.7,33.8,33,33.4,39688460
7/9/2012,33,33.1,32.7,32.7,24267110
7/10/2012,32.7,33.2,32.6,33.2,24937500
7/11/2012,33.2,33.3,32.9,33.3,22214140
7/12/2012,33.1,33.3,32.9,32.9,19638300
7/13/2012,33,33.5,32.9,33.4,18848440
7/16/2012,33.3,33.5,33.1,33.1,11304260
7/17/2012,33.3,33.7,33.3,33.6,45152112
7/18/2012,33.5,34,33.4,34,31050730
7/19/2012,34.2,34.7,33.7,34.2,81780472
7/20/2012,34.2,34.4,33.8,34,20539140
7/23/2012,33,33.2,32.5,32.6,46910632
7/24/2012,32.5,32.6,32.1,32.1,41789792
7/25/2012,32,32.1,31.6,31.8,47773752
7/26/2012,31.9,32.3,31.6,31.6,30767370
7/27/2012,32.1,32.3,31.7,32.2,30718890
7/30/2012,32.4,32.7,32.4,32.7,22715640
7/31/2012,32.8,32.8,32.2,32.6,30683360
8/1/2012,32.3,32.7,32.1,32.2,48141552
8/3/2012,31.9,32,31.6,32,46056168
8/6/2012,32.4,32.6,32.2,32.5,32290050
8/7/2012,32.7,33.4,32.6,33.3,45686328
8/8/2012,33.5,34,33.4,33.8,46879432
8/9/2012,34,34,33.4,33.6,29431080
8/10/2012,33.6,34.2,33.6,34.2,29290730
8/14/2012,34.2,34.4,34,34.4,23093660
8/15/2012,34.4,34.5,34.2,34.5,17221410
8/16/2012,34.6,34.7,34.1,34.1,10542300
8/17/2012,34.6,34.6,33.7,33.9,27933720
8/20/2012,33.7,34.2,33.5,34.2,17484380
8/21/2012,34.1,34.3,34,34.1,13396910
8/22/2012,34,34.1,33.7,33.9,17983910
8/23/2012,33.7,33.9,33.3,33.4,56306112
8/24/2012,33,33.2,32.9,33.1,34874880
8/27/2012,33.4,33.5,33.2,33.3,22313360
8/28/2012,33.3,33.5,33.2,33.4,16102010
8/29/2012,33.4,33.5,33.3,33.3,18366260
8/30/2012,33.1,33.1,32.8,32.9,36173448
8/31/2012,33,33.2,32.8,33,29001340
9/3/2012,33.3,33.7,33.2,33.7,28149470
9/4/2012,33.8,33.8,33.4,33.6,22173610
9/5/2012,33,33.2,32.9,33.1,27048740
9/6/2012,33.1,33.2,32.8,32.9,29981070
9/7/2012,33.3,33.4,32.9,33,31595030
9/10/2012,33.3,33.3,32.9,32.9,15978400
9/11/2012,32.9,33,32.5,32.7,35378632
9/12/2012,32.9,33.1,32.7,32.9,46909112
9/13/2012,32.7,32.8,32.6,32.8,28884310
9/14/2012,33.3,33.8,33.2,33.6,155608848
9/17/2012,33.7,34.2,33.6,34.2,70449112
9/18/2012,34,34.1,33.7,33.8,36266872
9/19/2012,33.8,34.2,33.7,34,34987180
9/20/2012,33.7,33.8,33.5,33.7,31422280
9/21/2012,33.9,34,33.6,33.7,23227650
9/24/2012,33.5,33.7,33.4,33.4,21811880
9/25/2012,33.4,33.6,33.1,33.2,21548600
9/26/2012,33.2,33.2,32.7,32.8,37297368
9/27/2012,32.8,33.3,32.8,32.9,46192512
9/28/2012,33.1,33.2,32.9,32.9,27576250
10/1/2012,32.9,33,32.8,32.9,24620070
10/2/2012,32.9,32.9,32.6,32.7,38569208
10/3/2012,32.8,32.8,32.3,32.5,35671928
10/4/2012,32.1,32.2,32,32.1,52027032
10/5/2012,32.2,32.6,32.1,32.2,53641260
10/8/2012,32.1,32.2,31.7,31.8,45960232
10/9/2012,31.9,32.1,31.5,31.5,54161740
10/10/2012,31.5,31.7,31.4,31.4,45024980
10/11/2012,31.4,31.6,31.2,31.5,33781288
10/12/2012,31.8,32,31.5,31.5,51133480
10/15/2012,31.4,31.5,31.2,31.3,24292360
10/16/2012,31.4,31.6,31.1,31.1,28225210
10/17/2012,31.2,31.5,31.2,31.4,34708200
10/18/2012,31.6,31.9,31.5,31.7,38393272
10/19/2012,31.9,32.2,31.8,32,42213120
10/22/2012,31.8,32,31.7,31.9,24083240
10/24/2012,31.5,31.7,31.4,31.4,27620840
10/25/2012,31.4,31.5,31.1,31.3,29797800
10/26/2012,31.2,31.3,31,31.3,33506560
10/29/2012,31.2,31.6,31.1,31.6,50719992
10/30/2012,31.6,32,31.3,31.7,48110632
10/31/2012,31.7,31.9,31.6,31.8,35027840
11/1/2012,31.7,31.9,31.6,31.8,22759410
11/2/2012,32,32.4,31.9,31.9,59685032
11/5/2012,31.9,32.2,31.8,32.2,24472740
11/6/2012,32.1,32.4,31.8,31.9,36384560
11/7/2012,32.1,32.3,31.8,31.9,34559248
11/8/2012,31.6,31.7,31.4,31.7,40318920
11/9/2012,31.8,31.9,31.5,31.6,29983540
11/12/2012,31.6,31.8,31.5,31.7,17385170
11/13/2012,31.6,31.9,31.6,31.9,19331750
11/14/2012,31.7,31.8,31.6,31.6,23352350
11/15/2012,31.5,31.5,31.2,31.4,27007990
11/16/2012,31.4,31.6,31.2,31.4,45531528
11/19/2012,31.5,31.5,31.2,31.2,30525180
11/20/2012,31.3,31.5,31,31,49324992
11/21/2012,31.1,31.2,30.8,31,28647520
11/22/2012,31.1,31.2,30.9,30.9,24172840
11/23/2012,30.9,31.2,30.9,31.2,24507250
11/26/2012,31.3,31.5,31.2,31.2,24569740
11/27/2012,31.4,31.7,31.3,31.4,33581620
11/28/2012,31.4,31.6,31.3,31.6,26282460
11/29/2012,31.7,31.8,31.5,31.8,24097180
11/30/2012,31.9,32.3,31.8,32,73948720
12/3/2012,32.1,32.5,32.1,32.5,39419300
12/4/2012,32.6,32.8,32.4,32.7,44879340
12/6/2012,33,33,32.8,32.8,42007780
12/7/2012,32.9,32.9,32.5,32.6,41717952
12/11/2012,32.6,32.8,32.5,32.8,41093060
12/12/2012,33,33.2,32.8,33.1,40267952
12/13/2012,33.2,33.4,32.8,32.9,40027152
12/14/2012,33.1,33.2,32.9,33.1,30777610
12/17/2012,33.2,33.4,32.9,33.1,30482120
12/18/2012,33.2,33.2,32.8,33.1,29839660
12/19/2012,33.3,33.3,32.9,33.3,25798360
12/20/2012,33.2,33.3,33.1,33.3,25794310
12/21/2012,33,33.3,33,33.3,22639980
12/24/2012,33.2,33.2,33,33.1,20325540
12/25/2012,33.1,33.3,33.1,33.3,10594080
12/26/2012,33.3,33.4,33.1,33.1,15270660
12/27/2012,33.2,33.5,33.1,33.5,51828528
12/28/2012,33.6,33.6,33.2,33.2,36106120
1/2/2013,33.5,33.7,33.4,33.7,35301740
1/3/2013,33.7,33.9,33.5,33.7,49880580
1/4/2013,33.6,33.7,33.4,33.5,43069872
1/7/2013,33.7,33.7,33.4,33.4,26300650
1/8/2013,33.4,33.5,33,33,38402680
1/9/2013,33.1,33.4,33,33.1,33417670
1/10/2013,33.4,33.4,32.7,32.7,50655432
1/11/2013,32.8,33,32.5,32.6,70468888
1/14/2013,32.8,33.4,32.8,33.3,44136920
1/15/2013,33.6,33.8,33.4,33.5,48426368
1/16/2013,33.5,33.8,33.3,33.6,40030928
1/17/2013,33.8,33.8,33.3,33.6,30353050
1/18/2013,33.7,33.8,33.5,33.6,34491460
1/21/2013,33.7,33.8,33.5,33.6,24509920
1/22/2013,33.6,33.8,33.5,33.5,25237640
1/23/2013,33.7,33.7,33.3,33.6,26452930
1/24/2013,33.7,33.7,33.3,33.4,22397650
1/25/2013,33.3,33.4,33,33.3,44393392
1/28/2013,33.4,33.5,33,33.1,34807688
1/29/2013,33.2,33.6,33.1,33.5,31737010
1/30/2013,33.6,35,33.5,34.8,159145008
1/31/2013,34.7,35.2,34.1,34.1,88604912
2/1/2013,34.6,35.5,34.5,35.4,101693432
2/4/2013,36,36.4,35.9,36.2,115332496
2/5/2013,35.8,36.8,35.7,36.7,102087368
2/6/2013,36.5,36.5,36,36.1,59433632
2/7/2013,35.7,35.8,35,35.5,125417120
2/8/2013,35.3,35.7,34.9,35,66437568
2/11/2013,35.1,35.2,34.6,34.7,46322472
2/12/2013,35,35.1,34.5,34.7,39844460
2/13/2013,35,36.1,34.9,36.1,91167528
2/14/2013,36.2,36.6,35.9,36.2,67386432
2/15/2013,36,36.1,35.6,35.7,46768888
2/18/2013,35.5,35.7,35.1,35.2,40973840
2/19/2013,35.2,35.8,35.2,35.8,43538608
2/20/2013,36.1,36.1,35.4,35.6,55597032
2/21/2013,35.2,35.2,34.8,34.8,70220848
2/22/2013,34.8,35.1,34.6,34.9,52819912
2/26/2013,34.7,34.8,34.2,34.4,58026820
2/27/2013,34.5,34.8,34.1,34.1,41688312
2/28/2013,34.4,35,34.2,35,43662768
3/1/2013,34.9,35,34.5,34.5,52224220
3/4/2013,34.5,34.6,34.2,34.4,39079648
3/5/2013,34.6,34.8,34.4,34.6,43432000
3/6/2013,34,34.1,33.8,34,48462420
3/7/2013,33.9,34.1,33.8,33.9,48746928
3/8/2013,34,34.1,33.4,33.5,56391608
3/11/2013,33.6,34.3,33.5,34.3,47784152
3/12/2013,34.3,34.5,34.1,34.3,49772140
3/13/2013,34.3,34.3,34,34.2,27419330
3/14/2013,33.9,34,33.5,33.7,65352848
3/15/2013,33.9,34,33.6,34,28909050
3/18/2013,33.8,34,33.6,33.9,25572000
3/19/2013,33.9,34.2,33.7,33.8,43540240
3/20/2013,33.8,33.8,33.1,33.3,90151800
3/21/2013,33.4,33.6,33.1,33.6,40718608
3/22/2013,33.4,33.5,31.6,32,136062176
3/25/2013,32.5,32.7,32.1,32.7,73494888
3/26/2013,32.7,32.8,32.4,32.6,33364550
3/27/2013,32.8,33.1,32.7,32.7,35160128
3/28/2013,32.7,32.8,32.4,32.4,29950800
3/29/2013,32.5,32.8,32.5,32.6,16350810
4/1/2013,32.6,32.6,32.1,32.1,24154910
4/2/2013,32.2,32.7,32.1,32.5,32396230
4/3/2013,32.8,32.9,32.2,32.2,39126192
4/4/2013,31.8,32.2,31.7,32,53207928
4/5/2013,31.7,31.8,31.3,31.5,64952300
4/9/2013,31.6,31.7,31.1,31.1,39508232
4/10/2013,31.1,31.4,30.9,31.4,65670992
4/11/2013,31.4,31.7,31.2,31.7,39972020
4/12/2013,31.5,31.8,31.3,31.5,35822112
4/17/2013,31.1,31.2,30.8,30.9,60930952
4/18/2013,30.8,31.4,30.5,31.4,54114380
4/19/2013,31.4,32,31.2,31.8,37589608
4/22/2013,31.8,31.8,31.1,31.2,55606340
4/23/2013,31.1,31.4,31,31.2,22239870
4/24/2013,31.5,31.6,31.2,31.4,17153660
4/25/2013,31.5,31.9,31.4,31.7,26865650
4/26/2013,31.9,32.1,31.7,31.9,26403440
4/29/2013,31.7,31.9,31.5,31.7,29357550
4/30/2013,32,32.6,31.9,32.6,64081832
5/2/2013,32.7,32.9,32.5,32.7,51643880
5/3/2013,32.9,33,32.5,32.6,28778340
5/7/2013,32.8,33,32.2,33,33420160
5/8/2013,33,33.7,33,33.4,48543032
5/9/2013,33.5,34,33.3,33.8,34409460
5/10/2013,33.9,34.1,33.6,34,54955760
5/13/2013,33.9,34,33.5,33.5,26112460
5/14/2013,33.6,33.8,33.4,33.4,20965060
5/15/2013,33.6,34.1,33.5,33.9,52783328
5/16/2013,34,34.2,33.6,33.7,37982488
5/17/2013,33.7,33.8,33.5,33.5,22910960
5/20/2013,33.7,34.5,33.7,34.3,59573000
5/21/2013,34.6,34.6,34.4,34.5,43482872
5/22/2013,34.6,35.1,34.5,34.7,84643160
5/23/2013,34.5,34.6,33.7,34.5,70359608
5/27/2013,34.2,34.4,33.8,34.4,30396700
5/28/2013,34.2,34.9,34.1,34.9,27109250
5/29/2013,34.9,35.3,34.3,34.3,67191832
5/30/2013,33.9,34,33.6,33.7,53532480
5/31/2013,33.9,33.9,32.6,32.6,73224072
6/3/2013,32.5,32.8,32.1,32.2,37182420
6/4/2013,32.3,33,32,33,41711648
6/5/2013,32.6,33.1,32.2,32.2,32750930
6/6/2013,32.1,32.7,32,32.6,43004752
6/7/2013,32.4,33.5,32.3,33.5,43936420
6/10/2013,33.5,34,33.5,33.8,32484950
6/11/2013,33.5,33.5,32.2,32.5,61813780
6/12/2013,32,32.2,31.3,31.8,84592784
6/13/2013,31.2,31.8,30.8,31.2,69493080
6/14/2013,31.9,32.3,31.7,32.2,55908680
6/17/2013,32.5,33,32.3,32.9,38629968
6/18/2013,32.8,33.5,32.1,32.1,71261800
6/19/2013,32.4,33.2,32.2,33.2,47453712
6/20/2013,32.3,33.8,32.2,33.4,88753472
6/21/2013,33,34,32.7,33.8,107317640
6/24/2013,33.5,33.6,32.6,32.6,44382312
6/25/2013,33,33.7,32.3,33,54647328
6/26/2013,33.4,33.8,33.2,33.6,54269472
6/27/2013,33.9,34.2,33.5,34.1,55825808
6/28/2013,34.2,34.3,33.3,33.5,62099900
7/2/2013,33.7,34.1,33.6,33.7,27581290
7/3/2013,33.4,34.3,33.4,33.9,62202100
7/4/2013,34,34.3,34,34.2,28759050
7/5/2013,34.3,34.9,34.3,34.8,61659020
7/8/2013,34.8,35.2,34.4,34.4,66031448
7/9/2013,34.4,34.8,34.3,34.6,33810712
7/10/2013,34.4,34.8,34.1,34.3,36603920
7/11/2013,34.7,35.1,34.7,35.1,73825696
7/12/2013,35.1,35.2,34.4,34.6,35758352
7/15/2013,34.4,34.6,33.9,34,52003560
7/16/2013,33.8,34,33.5,33.9,38010660
7/17/2013,34.1,34.3,33.6,33.8,42497088
7/18/2013,33.7,34.5,33.7,34.2,34819608
7/19/2013,34.5,34.6,34.1,34.1,34555592
7/23/2013,34.4,34.6,34.4,34.6,35212448
7/24/2013,34.6,34.6,34.3,34.4,24231800
7/25/2013,34.1,34.2,33.3,33.3,57083080
7/26/2013,33.4,33.9,33.1,33.9,36569060
7/29/2013,33.6,33.9,33.4,33.6,17233290
7/30/2013,33.9,33.9,32.8,32.8,30109400
7/31/2013,32.8,33.1,32.3,33.1,38011848
8/1/2013,33.3,33.5,33,33.1,21407700
8/2/2013,33.3,33.5,32.6,33.1,44845352
8/5/2013,33.1,33.3,32.7,33.3,15091810
8/6/2013,33.3,33.6,33,33.5,19932890
8/7/2013,33.2,33.4,32.8,32.8,20917230
8/8/2013,33,33.3,32.7,33,20671500
8/9/2013,33.1,33.1,32.7,32.8,17692690
8/13/2013,33,33.3,32.8,33.2,33932120
8/14/2013,33.2,33.2,32.8,32.9,25822440
8/15/2013,33,33.1,32.6,32.9,27238310
8/16/2013,32.7,32.8,32.3,32.4,49065540
8/19/2013,32.3,32.3,31.5,31.6,60530192
8/20/2013,31.3,31.9,30.8,31.9,94016576
8/21/2013,31.3,31.6,31.1,31.1,52675408
8/22/2013,31.1,32.2,31,32.2,63729888
8/23/2013,32.5,32.7,32,32.1,52978180
8/26/2013,32.5,32.6,31.7,31.8,33527210
8/27/2013,31.8,32.2,31.6,32,30613420
8/28/2013,32.1,32.3,31.8,31.8,41488640
8/29/2013,32.2,32.9,31.9,32.7,58263800
8/30/2013,33,33,32.3,32.7,33514170
9/2/2013,32.7,32.8,32.4,32.6,22174530
9/3/2013,32.6,32.9,32,32.5,34717800
9/4/2013,32.5,33.1,32.5,32.6,60425112
9/5/2013,32.6,33.1,32.6,33.1,41006960
9/6/2013,33,33.5,32.9,33.4,46562020
9/9/2013,33.6,34.2,33.6,34.2,59688360
9/10/2013,34,34.4,33.8,33.9,54614960
9/11/2013,33.6,34,33.3,34,49168760
9/12/2013,33.9,34,33.3,33.3,32509520
9/13/2013,33.2,33.9,33.2,33.5,30107360
9/16/2013,34,34.2,33.8,34,37853460
9/17/2013,34.2,34.2,33.7,33.9,33059820
9/18/2013,33.6,33.6,33,33.1,42767472
9/19/2013,33.7,33.8,33.2,33.3,70224232
9/20/2013,33.4,33.7,33.2,33.6,35590600
9/23/2013,33.5,33.7,33,33.3,32753360
9/24/2013,33.5,33.5,32.7,32.7,45753408
9/25/2013,32.8,33,32.5,33,33565352
9/26/2013,33.2,33.2,32.7,32.7,35363140
9/27/2013,32.8,33,32.6,32.6,26516390
9/30/2013,32.4,32.4,31.6,31.6,44700248
10/1/2013,31.6,32.1,31.6,32,38237752
10/2/2013,32,32,31.6,31.9,25903240
10/3/2013,32.1,32.3,31.9,32,31568930
10/4/2013,31.9,32,31.7,31.9,31897160
10/7/2013,32,32,31.8,31.9,17236280
10/8/2013,31.8,32.2,31.7,32,48042968
10/9/2013,32,32,31.8,32,21924850
10/10/2013,32,32.2,31.8,32,38632360
10/11/2013,32.1,32.4,32,32.3,59741780
10/14/2013,32.1,32.2,31.9,31.9,48923440
10/15/2013,32,32.1,31.8,31.9,50829880
10/16/2013,31.9,32.3,31.9,31.9,32075040
10/17/2013,32,32.1,31.8,31.8,48273440
10/18/2013,31.9,32.1,31.8,32,38061640
10/21/2013,32.2,32.3,31.8,32,46504800
10/22/2013,32.1,32.1,31.8,32.1,25963410
10/24/2013,31.8,32.1,31.7,32.1,38783488
10/25/2013,32,32.1,31.7,32,28186450
10/28/2013,31.9,32.1,31.6,31.7,20149570
10/29/2013,31.7,31.8,31.5,31.6,36967620
10/30/2013,31.6,31.7,31.1,31.1,50871648
10/31/2013,31.1,31.7,31,31.7,32483950
11/1/2013,31.3,31.5,31.1,31.5,26454030
11/4/2013,31.1,31.3,31,31.1,24807690
11/5/2013,31.2,31.3,31,31.2,39732928
11/6/2013,31.2,31.3,30.9,31.2,40348288
11/7/2013,31.2,31.5,31,31.1,31976530
11/8/2013,31.1,31.1,30.9,31,34920808
11/11/2013,31,31,30.6,31,35788632
11/12/2013,30.9,31.1,30.8,30.8,29687260
11/13/2013,30.8,31,30.7,30.8,24870320
11/14/2013,30.8,31,30.8,30.8,28746900
11/15/2013,30.8,31.1,30.8,31,21755920
11/18/2013,31.1,31.2,31,31.1,21346690
11/19/2013,31,31.1,30.8,30.8,24501980
11/20/2013,30.8,30.8,30.5,30.5,61005272
11/21/2013,30.4,30.5,30,30.1,41621112
11/22/2013,30.1,30.2,29.4,29.7,56261688
11/25/2013,29.2,29.5,29,29.3,45437300
11/26/2013,29.1,29.5,29.1,29.1,46788712
11/27/2013,29.1,29.6,29.1,29.5,28384390
11/28/2013,29.6,29.8,29.1,29.2,26458230
11/29/2013,29.2,29.6,29,29.5,17462520
12/2/2013,29.4,30.2,29.3,30.2,25724640
12/3/2013,30.3,31,30.1,30.7,44577580
12/4/2013,30.5,30.9,30.5,30.6,31097540
12/6/2013,30.7,30.7,29.8,30.3,33467500
12/9/2013,30.4,30.7,30,30.5,31143670
12/11/2013,30.2,30.5,30.1,30.2,47345632
12/12/2013,30.1,30.1,29.5,29.7,38389260
12/13/2013,29.8,29.8,29.1,29.3,48139992
12/16/2013,29.2,29.3,28.7,28.7,49710008
12/17/2013,28.7,28.9,28.5,28.6,37285872
12/18/2013,28.7,29.1,28.7,28.9,56993020
12/19/2013,28.8,29.2,28.8,29,57301152
12/20/2013,29.1,29.1,28.8,29.1,24149070
12/23/2013,29,29.2,28.5,28.6,48276152
12/24/2013,28.6,29,28.6,28.8,18085790
12/25/2013,28.8,29,28.7,28.9,8167270
12/26/2013,28.9,29,28.4,28.5,27045710
12/27/2013,28.6,28.9,28.5,28.6,24443590
1/2/2014,28.5,28.7,27.4,27.4,34498020
1/3/2014,27,27.1,26.5,26.8,46219792
1/6/2014,26.9,26.9,25.9,26.4,62218960
1/7/2014,26.6,28.1,26.5,28.1,76943504
1/8/2014,28.1,28.8,27.8,28.5,60974512
1/9/2014,28.6,29.3,28.3,28.4,68899960
1/10/2014,28.4,28.9,28,28.7,29121360
1/13/2014,28.3,29.3,28.1,29.2,37246240
1/14/2014,28.8,29.5,28.8,29.4,36425368
1/15/2014,29,29.2,28.5,28.6,59241528
1/16/2014,28.6,29.2,28.6,28.8,51393620
1/17/2014,29,29,28.6,28.8,30526220
1/20/2014,28.6,29,28.6,28.9,14985100
1/21/2014,28.8,29.1,28.4,28.6,33686920
1/22/2014,28.5,28.7,28.1,28.2,34832992
1/23/2014,28.4,28.9,28.2,28.9,32181580
1/24/2014,29,29.2,28.8,29.1,29280660
1/27/2014,28.8,28.9,28.2,28.3,33822512
1/28/2014,28.2,28.5,27.7,27.8,37126740
1/29/2014,27.9,28,27.4,27.4,27729420
1/30/2014,27.4,27.4,26.9,27,28888460
1/31/2014,27.2,27.7,27.1,27.6,30061280
2/3/2014,27.9,28,27.7,27.8,21735760
2/4/2014,27.6,27.6,27.2,27.3,28440930
2/5/2014,27.4,27.6,27,27.1,23973080
2/6/2014,27.4,27.5,27.2,27.5,20771180
2/7/2014,27.9,28.6,27.8,28.6,82548712
2/10/2014,28.8,28.9,28.5,28.7,37370128
2/11/2014,28.8,29.2,28.5,28.9,31515610
2/12/2014,29,29.3,28.9,29.3,34553352
2/13/2014,29.3,29.5,28.9,28.9,26013850
2/17/2014,28.9,29.8,28.8,29.7,46083072
2/18/2014,29.6,29.8,29.3,29.7,40618000
2/19/2014,29.8,29.9,29.1,29.2,29926210
2/20/2014,29,29.1,28.6,28.7,30517970
2/21/2014,28.7,28.8,28.5,28.6,22141320
2/24/2014,28.6,29.2,28.6,29.1,22457100
2/25/2014,29.2,29.5,28.8,28.8,40385480
2/26/2014,28.6,28.9,28.5,28.6,37978640
2/27/2014,28.7,28.9,28.6,28.7,39003860
2/28/2014,28.7,29.5,28.6,29.3,43533360
3/3/2014,29.6,30.2,29.5,30,59922620
3/4/2014,30.2,30.5,30,30.1,30880740
3/5/2014,30.3,30.5,30.2,30.4,49675192
3/6/2014,29.7,29.7,29.5,29.6,37833192
3/7/2014,29.6,29.7,29.2,29.2,29670110
3/10/2014,29.3,29.5,29,29.1,27783810
3/11/2014,29.2,30,29.1,30,52288540
3/12/2014,29.7,30,29.5,29.5,29570510
3/13/2014,29.7,30,29.5,30,44756952
3/14/2014,29.7,29.8,29.2,29.5,43664920
3/17/2014,29.5,29.6,29.1,29.4,46118488
3/18/2014,29.5,29.5,29,29.5,60674600
3/19/2014,29.5,29.6,29,29,35129420
3/20/2014,28.8,29.3,28.6,29.3,52291940
3/21/2014,29.3,29.3,29,29.2,27165180
3/24/2014,29.2,29.2,28.7,28.7,22781730
3/25/2014,28.7,29.5,28.5,29.5,54949540
3/26/2014,29.4,29.5,29.3,29.5,17418690
3/27/2014,29.6,29.9,29.3,29.9,55482980
3/28/2014,29.9,30.1,29.8,29.9,54156380
3/31/2014,29.9,30.2,29.8,29.9,18201500
4/1/2014,29.9,30.2,29.8,30.2,18673980
4/2/2014,30.3,30.7,30.1,30.7,41198540
4/3/2014,30.8,30.9,30.6,30.8,36631232
4/4/2014,30.8,30.9,30.4,30.6,29808820
4/8/2014,30.9,30.9,30.2,30.2,20286090
4/9/2014,30.3,30.6,30.3,30.4,17265230
4/10/2014,30.7,30.8,30.3,30.7,20431530
4/11/2014,30.5,30.7,30.5,30.7,9736490
4/16/2014,30.9,31.6,30.9,31.5,55402940
4/17/2014,31.4,31.5,31.2,31.2,23817860
4/18/2014,31.2,31.4,31.1,31.1,16074150
4/21/2014,31.2,31.2,30.9,31,21399290
4/22/2014,31.1,31.2,30.6,30.7,30103170
4/23/2014,30.8,31.1,30.6,30.8,39519800
4/24/2014,30.8,30.9,30.6,30.9,24528800
4/25/2014,30.6,31,30.6,30.7,24023360
4/28/2014,30.7,30.9,30.6,30.6,12338980
4/29/2014,30.5,30.6,30.2,30.3,36137520
4/30/2014,30.6,31.3,30.4,31.3,76379912
5/2/2014,30.9,31.2,30.9,30.9,26923020
5/6/2014,31,31.1,30.8,30.9,16062240
5/7/2014,30.5,31,30.5,31,25074960
5/8/2014,30.9,31,30.5,30.5,25207520
5/9/2014,30.4,30.7,30.3,30.4,24568210
5/12/2014,30.5,30.5,30.1,30.1,32743640
5/14/2014,30.3,30.5,30.1,30.4,55551272
5/15/2014,30.3,30.4,30.1,30.3,27673160
5/16/2014,30.1,30.6,30,30.5,59680400
5/19/2014,30.4,30.8,30.3,30.8,21182740
5/20/2014,30.6,30.7,30.3,30.5,32466640
5/21/2014,30.7,31.2,30.5,31,37648680
5/22/2014,31.2,31.3,30.5,30.8,33601512
5/23/2014,30.3,30.5,30.1,30.4,59941840
5/26/2014,30.3,30.3,29.2,29.6,129308112
5/27/2014,29.8,29.8,29.2,29.4,65189208
5/28/2014,29.5,29.7,29.4,29.5,35066760
5/29/2014,29.6,29.7,29.1,29.3,50622792
5/30/2014,29.3,29.7,29.2,29.4,67835632
6/2/2014,29.6,29.9,29.6,29.8,28919870
6/3/2014,30.2,30.5,30,30.2,58402088
6/4/2014,30.1,30.3,30,30.1,37590088
6/5/2014,30.2,30.3,29.6,29.7,50924048
6/6/2014,29.8,29.9,29.6,29.8,27016920
6/9/2014,29.9,29.9,29.4,29.5,19121490
6/10/2014,29.6,29.9,29.6,29.8,24352630
6/11/2014,29.5,29.9,29.5,29.9,21691290
6/12/2014,29.9,30,29.4,29.4,22641570
6/13/2014,29.5,29.7,29.2,29.2,24645740
6/16/2014,29.6,29.8,29.4,29.8,34304280
6/17/2014,29.9,30.1,29.8,29.9,32338040
6/18/2014,30,30,29.5,29.5,21227440
6/19/2014,29.6,29.8,29.5,29.7,19199450
6/20/2014,29.8,29.9,29.5,29.8,24879560
6/23/2014,29.9,30.1,29.8,30.1,23672710
6/24/2014,29.9,30,29.7,29.7,15677750
6/25/2014,29.7,30,29.6,30,20598210
6/26/2014,30.1,30.9,30.1,30.8,102227000
6/27/2014,31,31.3,30.8,31.2,62476528
6/30/2014,31.5,31.8,31.3,31.8,69614032
7/2/2014,31.9,32,31.7,31.9,36230392
7/3/2014,32,32,31.7,31.9,38153520
7/4/2014,32,32.2,31.8,31.9,35555660
7/7/2014,32.3,32.6,32.1,32.6,52449920
7/8/2014,32.6,32.7,32,32.1,35182768
7/9/2014,32,32.6,32,32.2,27011640
7/10/2014,32.3,33,32.3,32.6,48667560
7/14/2014,32.7,32.9,32.6,32.6,15435140
7/15/2014,32.7,32.7,32.2,32.4,26135280
7/16/2014,32.6,32.6,32.3,32.4,22602780
7/17/2014,32.3,33.1,32.3,33,54435540
7/18/2014,32.9,33.3,32.9,33.1,27139610
7/21/2014,33,33.5,33,33.5,38914980
7/22/2014,33.4,33.5,32.7,33.1,38524232
7/23/2014,33.1,33.3,33,33.3,14225180
7/24/2014,33.3,33.5,33.2,33.4,19103110
7/25/2014,33.4,33.5,33.2,33.4,18137040
7/28/2014,33.4,33.4,32.9,32.9,16497700
7/29/2014,33.3,33.7,32.9,33.1,47009960
7/30/2014,33.1,33.2,32.5,32.6,34880112
7/31/2014,32.4,32.6,31.5,31.9,60753528
8/1/2014,31.8,31.8,31.1,31.4,53785680
8/4/2014,31.5,32.4,31.4,32.3,52012192
8/5/2014,32.5,33,32.3,32.8,37140248
8/6/2014,32.8,32.8,32.5,32.5,22765010
8/7/2014,32.5,32.6,32.1,32.6,19330310
8/8/2014,32.3,32.6,32.2,32.2,18759900
8/13/2014,32.5,33.1,32.5,33.1,39265312
8/14/2014,33.2,33.5,33.1,33.2,38620040
8/15/2014,33.1,33.5,32.8,33.5,28692740
8/18/2014,33.5,33.6,33.2,33.4,12908790
8/19/2014,33.6,33.8,33.3,33.4,14937610
8/20/2014,33.3,33.6,33.2,33.6,18804030
8/21/2014,33.5,33.7,33.4,33.6,17507310
8/22/2014,33.7,33.8,33.5,33.6,15181430
8/25/2014,33.6,33.7,33.3,33.4,15891790
8/26/2014,33.4,33.5,33.1,33.3,14367970
8/27/2014,33.3,33.4,32.8,33,22107170
8/28/2014,32.9,33.1,31.9,32.1,68012960
8/29/2014,32,32.3,31.9,32.1,45317620
9/1/2014,32.2,32.3,31.9,31.9,22967080
9/2/2014,31.9,32.3,31.9,32,19647990
9/3/2014,32.3,32.8,32.2,32.7,44668120
9/4/2014,32.8,33.1,32.8,33.1,41395392
9/5/2014,33.2,33.3,33,33.1,11761640
9/8/2014,33.3,33.5,33.1,33.4,25603060
9/9/2014,33.6,34.8,33.6,34.8,108117216
9/10/2014,34.8,35.1,34.3,35,88241776
9/11/2014,34.8,35.9,34.8,35.6,101893104
9/12/2014,35.7,35.7,35.2,35.4,35794728
9/15/2014,34.8,35.3,34.8,35.2,42489880
9/16/2014,35.3,35.4,35,35.2,30289520
9/17/2014,35.3,35.4,34.8,35,41602728
9/18/2014,35.1,35.1,34.9,35,42085260
9/19/2014,35.1,35.4,34.9,35.4,57429720
9/22/2014,35.3,36.1,35.2,35.8,98531688
9/23/2014,35.8,36,35.5,35.9,31628640
9/24/2014,36,36,35.2,35.3,33574340
9/25/2014,35.4,35.5,35.2,35.2,24251720
9/26/2014,35.4,35.8,35.4,35.7,27300880
9/29/2014,35.7,35.7,35.1,35.3,38136648
9/30/2014,35.5,36.1,35.3,36,96568520
10/1/2014,36.1,36.6,36.1,36.6,86875776
10/2/2014,36.5,37.5,36.5,36.9,103010096
10/3/2014,36.6,37,36.3,36.4,50145032
10/6/2014,36.4,37.1,36.4,37,42431632
10/7/2014,36.9,37,36.3,36.7,36493600
10/8/2014,36.5,37,36.3,36.8,47915500
10/9/2014,37.1,37.8,37.1,37.5,73886864
10/10/2014,36.9,37.1,36.4,36.4,70652488
10/13/2014,36.1,36.2,35.2,35.2,55987160
10/14/2014,35.2,35.6,35.2,35.6,52208780
10/15/2014,35.2,35.7,35.1,35.1,34402712
10/16/2014,34.9,35.3,34.3,34.5,66901660
10/17/2014,34.7,35.6,34.5,35.4,35663072
10/20/2014,35.7,35.9,35,35.1,28636860
10/21/2014,35.4,35.5,34.8,35.3,34963160
10/22/2014,35.5,35.6,35.1,35.2,32917930
10/24/2014,35.2,35.3,34.8,35.2,31739310
10/27/2014,35.1,35.7,35.1,35.5,28240870
10/28/2014,35.5,35.8,35.2,35.5,34881752
10/29/2014,35.8,35.8,35.1,35.4,33616408
10/30/2014,35.5,35.6,35.2,35.4,18414840
10/31/2014,35.5,36.8,35.4,36.8,34774072
11/3/2014,37,37.1,35.8,36.2,40557480
11/4/2014,36.3,36.8,36,36.8,20602730
11/5/2014,36.9,36.9,36.5,36.8,19468530
11/6/2014,37.2,38.5,37.2,38.1,118652632
11/7/2014,38.7,39.1,38.4,39.1,96553728
11/10/2014,39,39,37.8,37.9,47483632
11/11/2014,38.2,38.4,37.8,38,45632632
11/12/2014,37.9,38.7,37.7,38.2,28972470
11/13/2014,37.9,39.3,37.8,39.3,59263520
11/14/2014,39.2,39.3,38.6,38.8,47259280
11/17/2014,38.7,39,38.4,38.4,39040420
11/18/2014,38.6,39.1,38.6,38.7,46643072
11/19/2014,38.9,38.9,38.5,38.6,27335690
11/20/2014,39,39,38.2,38.4,36799100
11/21/2014,38.4,38.9,38.3,38.7,31010760
11/24/2014,38.8,39.1,38.7,38.8,36880792
11/25/2014,38.8,39.8,38.4,39.7,155077088
11/26/2014,39.5,39.8,39,39.4,37090488
11/27/2014,39.5,39.5,38.9,39,32453880
11/28/2014,38.4,38.5,38,38.3,65526192
12/1/2014,37.9,38,36.1,36.4,125049328
12/2/2014,36.7,37,36.4,36.6,72399344
12/3/2014,37.1,37.5,36.8,36.8,68921768
12/4/2014,37,37.3,36.7,37.3,41792560
12/8/2014,37.3,37.3,36.5,36.7,39382968
12/9/2014,36.5,36.6,34.5,34.5,137253280
12/11/2014,34,34,32.9,33.3,165380512
12/12/2014,33.2,33.7,32.9,33,109287344
12/15/2014,31.7,32.6,29.4,31.4,244131504
12/16/2014,30.5,31.4,29.5,30.3,214812704
12/17/2014,30.5,32,30.4,31.5,191490384
12/18/2014,32.6,33.5,32.3,33.5,93802632
12/19/2014,33.6,33.8,32.6,33,88375296
12/22/2014,33.5,34.7,33.3,34.4,51437448
12/23/2014,33.8,33.9,33.4,33.7,39452420
12/24/2014,34,34.1,33.7,33.7,14109530
12/25/2014,33.4,33.4,32.6,32.8,25567700
12/26/2014,32.9,33.1,32.4,33,27122240
12/29/2014,33.2,33.2,32.5,32.6,22961060
12/30/2014,32.6,32.8,32.3,32.4,27949440
1/5/2015,33,33.1,31.3,31.5,66850980
1/6/2015,31,32.3,30.6,32.3,79584096
1/7/2015,32.2,33.5,31.9,33.4,63621380
1/8/2015,34.6,34.9,34,34,103849696
1/9/2015,34.2,34.2,33.5,33.8,60632472
1/12/2015,33.5,33.7,33.3,33.3,43494200
1/13/2015,32.7,33,32.5,32.8,44820040
1/14/2015,32.7,33.3,32.1,32.2,60904860
1/15/2015,32.6,32.7,31.5,31.9,93460624
1/16/2015,31.7,32.5,31.7,32.2,45478840
1/19/2015,32.5,33.4,32.5,33.3,52282160
1/20/2015,33.2,33.5,33,33.5,31892090
1/21/2015,33.4,33.4,32.6,33,54097940
1/22/2015,33.5,34.2,33.3,34.1,60779712
1/23/2015,34.2,34.8,34.1,34.8,75722568
1/26/2015,34.7,35.1,34.5,34.5,44962440
1/27/2015,34.6,35,34.5,35,32519170
1/28/2015,35.5,35.5,34.6,34.9,42571220
1/29/2015,34.9,35.5,34.9,35,39785460
1/30/2015,35.4,35.4,34.6,34.6,36320008
2/2/2015,35,35.6,35,35.5,36770300
2/3/2015,36,37,35.9,37,68349208
2/4/2015,37.8,38.2,37.6,37.8,94414912
2/5/2015,36.8,37.4,36.3,37.4,97181000
2/6/2015,38,38,37.4,37.7,51515912
2/9/2015,37.2,37.5,36.5,36.6,39978360
2/10/2015,36.5,36.8,36,36.1,37250340
2/11/2015,36,36.2,35.3,35.7,83274968
2/12/2015,35.5,35.9,35.2,35.9,61440540
2/13/2015,36,36.9,35.9,36.9,49122808
2/16/2015,36.7,36.9,36.2,36.2,26826720
2/17/2015,36.2,36.2,35.4,35.4,37023840
2/18/2015,35.7,36,35.4,35.6,28502330
2/19/2015,35.5,35.6,34.5,34.5,37130620
2/20/2015,34.7,35,34.5,34.5,38259840
2/23/2015,34.4,34.6,33.7,33.8,42184432
2/24/2015,33.8,34.5,33.8,34.1,37947700
2/25/2015,34.2,34.5,33.8,33.8,22014770
2/26/2015,34,34.5,33.4,34.5,37687600
2/27/2015,34.1,34.4,33.9,34.3,28535840
3/2/2015,34.3,35.2,34,35,41401180
3/3/2015,34.5,34.5,34,34,33860472
3/5/2015,34,34,33.2,33.2,52044240
3/6/2015,32.9,33.2,32.8,32.9,64434792
3/9/2015,32.7,33.3,32.6,33.2,32686040
3/10/2015,33.5,33.7,33,33,40729780
3/11/2015,33.3,33.5,33,33,51389568
3/12/2015,32.9,33.3,32.6,32.7,51614440
3/13/2015,32.8,32.8,32.4,32.4,42810128
3/16/2015,32.2,32.3,31.7,31.7,35343488
3/17/2015,32.2,32.3,31.8,31.9,36108400
3/18/2015,31.9,32.7,31.8,32.6,31883600
3/19/2015,32.9,33,32.6,32.7,26439880
3/20/2015,32.8,32.9,32.2,32.2,30224150
3/23/2015,32.5,32.7,32.5,32.6,17821760
3/24/2015,32.5,33.1,32.4,33.1,29380950
3/25/2015,33.1,33.3,32.5,32.5,22413750
3/26/2015,32.6,33.2,32.5,32.6,54966040
3/27/2015,32.6,33,32.5,32.5,31598300
3/30/2015,32.6,32.7,32.1,32.1,28222700
3/31/2015,32.1,32.5,32.1,32.3,31508530
4/1/2015,32.3,32.7,32.2,32.4,29435830
4/2/2015,32.6,33.3,32.5,32.8,100923712
4/3/2015,32.8,33,32.6,33,31772060
4/7/2015,33.3,34.3,33.2,34.1,61515712
4/8/2015,34.2,34.4,33.9,34,28405130
4/9/2015,33.9,34,33.2,33.2,33131210
4/10/2015,33.3,33.6,33.3,33.4,29985520
4/16/2015,35,35.6,34.7,35.5,123225288
4/17/2015,35.9,36.5,35.7,36.1,79224736
4/20/2015,35.8,36.1,35.2,35.2,95194592
4/21/2015,35.4,35.6,35.3,35.4,30898450
4/22/2015,35.2,35.5,34.6,34.6,47463280
4/23/2015,34.8,35.3,34.5,34.5,53473180
4/24/2015,34.9,35.6,34.7,35.6,52369460
4/27/2015,35.9,36.2,35.7,36.2,50516860
4/28/2015,36.5,36.5,35.7,36.2,35520328
4/29/2015,35.7,36,35.3,35.3,75383616
4/30/2015,35.3,36.1,35.3,35.6,44199720
5/6/2015,36.2,36.3,35.9,36.2,56481832
5/7/2015,36.2,36.3,35.6,35.9,41054072
5/8/2015,35.9,36,35.5,35.9,23702540
5/11/2015,36,36.1,35.4,35.4,20823430
5/12/2015,35.4,35.6,34.4,34.5,54960460
5/13/2015,34.8,35.4,34.7,35.4,38489280
5/14/2015,35.5,35.6,35,35.2,21418810
5/15/2015,35,36.1,35,36.1,27199160
5/18/2015,35.8,36.2,35.6,36,48010288
5/19/2015,36,36.8,35.9,36.8,69142968
5/20/2015,36.4,36.6,36.1,36.1,40050120
5/21/2015,36.3,36.6,36.2,36.5,31374080
5/22/2015,36.6,37,36.1,36.1,58032632
5/25/2015,36.2,36.4,36,36.1,33998840
5/26/2015,36.3,36.3,35.9,36,29501250
5/27/2015,35.6,35.8,35.2,35.5,56264280
5/28/2015,35.7,35.7,34.9,35,48450840
5/29/2015,35.3,35.3,34.7,34.7,58924632
6/2/2015,34.6,34.8,34.2,34.2,59543648
6/3/2015,34.3,34.5,34,34,52620980
6/4/2015,34,34.1,33.3,33.7,73247008
6/5/2015,33.6,34.7,33.5,34.6,41246760
6/8/2015,34.4,34.6,34,34.4,31459290
6/9/2015,34.2,34.3,33.6,33.7,45935728
6/10/2015,34,34.6,34,34.4,56353420
6/11/2015,35,35,34.3,34.3,56869860
6/12/2015,34.2,34.3,33.9,33.9,36511192
6/15/2015,33.8,34.1,33.8,34,19867880
6/16/2015,34.1,34.8,34.1,34.6,35277728
6/17/2015,34.9,35.5,34.8,35.5,48129540
6/18/2015,35.6,35.7,35.2,35.5,41547800
6/19/2015,35.8,35.9,35.2,35.4,43171688
6/22/2015,35.6,35.9,35.4,35.6,27776080
6/23/2015,36,36,35.4,35.7,39040200
6/24/2015,35.8,36.2,35.7,36.2,33526180
6/25/2015,36.3,36.7,36,36.7,51908820
6/26/2015,36.4,36.6,36.3,36.4,23463700
6/29/2015,35.9,36.6,35.6,36.3,52232208
6/30/2015,36.2,36.5,35.7,35.9,40331512
7/2/2015,35.6,36.1,35.6,35.6,40640280
7/3/2015,35.6,35.7,35.2,35.4,27077230
7/6/2015,35.1,35.2,34.5,34.7,42275140
7/7/2015,34.6,34.9,34.3,34.9,54104880
7/8/2015,34.6,34.6,33.8,34,95830544
7/9/2015,34,34.2,33.5,33.8,84163400
7/10/2015,34.2,34.5,33.8,34.1,73712168
7/13/2015,33.8,34.1,33.7,33.8,45138420
7/14/2015,33.9,34.1,33.7,33.8,36434368
7/15/2015,33.9,34.3,33.8,33.8,56458568
7/16/2015,33.9,34,33.6,33.9,30598590
7/17/2015,33.8,33.9,33.3,33.4,29189910
7/20/2015,33.4,33.5,32.7,33,46397040
7/21/2015,33,33,32,32.2,71881440
7/22/2015,32.1,32.1,31.4,31.4,108399536
7/23/2015,31.2,32.2,31.2,31.9,81690280
7/24/2015,31.8,31.8,31.4,31.7,33453360
7/27/2015,31.5,31.8,31,31.4,50186392
7/28/2015,31.7,31.8,31.4,31.4,46639008
7/29/2015,31.6,32.1,31.4,31.7,44156232
7/31/2015,31.9,32.6,31.7,32.6,79460960
8/3/2015,32.5,32.7,32.1,32.7,30739050
8/4/2015,32.4,32.5,31.7,31.8,65723752
8/5/2015,32,32.3,31.9,31.9,50442280
8/6/2015,31.9,32.1,31.5,31.6,34240580
8/7/2015,31.6,31.8,31.3,31.5,26758120
8/10/2015,31.3,31.5,31.2,31.3,27798450
8/11/2015,31.6,31.7,30.8,30.8,49322080
8/13/2015,30.5,30.5,29.4,30,123711952
8/14/2015,29.8,30.4,29.6,30.2,65348160
8/17/2015,30,30.2,29.7,29.7,46465180
8/18/2015,29.2,29.3,27.8,28,209791584
8/19/2015,28.2,28.3,27.3,27.3,217478528
8/20/2015,27,27.1,25.8,25.8,332740864
8/21/2015,25.6,26.6,25.5,26.5,188428336
8/24/2015,25.2,25.4,24,24,209310112
8/25/2015,25,25.2,24.3,25.2,205836960
8/26/2015,24.8,25.5,24.8,24.9,103386848
8/27/2015,25.5,26.1,25.4,25.9,113454160
8/28/2015,27.1,27.3,26.5,26.9,159181184
8/31/2015,27.1,27.2,26.5,26.8,86810032
9/1/2015,27.1,27.5,26.4,26.4,108984520
9/2/2015,26.2,26.7,26,26.6,69926864
9/3/2015,26.7,26.8,26.4,26.4,35406740
9/4/2015,26.3,26.6,26,26,56298620
9/7/2015,25.9,26.1,25.7,26,36796880
9/8/2015,26,26.1,25.5,26,82457472
9/9/2015,26.4,26.5,26.1,26.3,98002432
9/10/2015,25.6,25.7,25.5,25.6,43470552
9/11/2015,25.7,25.9,25.1,25.1,62030180
9/14/2015,24.8,24.9,24.4,24.6,74797432
9/15/2015,24.6,24.8,24.4,24.7,39573200
9/16/2015,25,25.2,24.8,25,66672488
9/17/2015,25.4,25.7,25.3,25.5,69456312
9/18/2015,25.6,25.7,25.3,25.3,40643000
9/21/2015,25,25.6,25,25.6,30653890
9/22/2015,25.6,25.7,25,25,56302528
9/23/2015,25,25.3,24.9,25.2,43530488
9/24/2015,24.9,25.1,24.7,24.7,59997752
9/25/2015,24.7,25.2,24.7,25,40644420
9/28/2015,24.8,24.8,24.5,24.5,43563888
9/29/2015,24.1,24.6,24.1,24.3,74531920
9/30/2015,24.3,24.6,24,24,58427560
10/1/2015,24.3,24.4,24,24.1,42830460
10/2/2015,24.1,24.6,24,24.6,38327312
10/5/2015,24.7,25.3,24.7,25.3,73281296
10/6/2015,25.5,25.7,25.2,25.3,80399768
10/7/2015,26,27,25.8,26.8,170596960
10/8/2015,26.8,27.1,26.5,26.6,116708096
10/9/2015,27.2,27.5,27.1,27.2,87923136
10/12/2015,27.4,27.5,26.9,27,69390432
10/13/2015,26.6,26.7,26.2,26.5,81988384
10/14/2015,26.4,26.5,26.1,26.2,59297552
10/15/2015,26.4,26.8,26.3,26.5,60900120
10/16/2015,26.6,26.9,26.5,26.6,61084712
10/19/2015,26.7,26.9,26.6,26.7,26694170
10/20/2015,26.6,27,26.6,27,47421120
10/21/2015,27.1,27.2,26.8,26.9,35127032
10/22/2015,26.9,27,26.7,26.9,25266960
10/26/2015,27.4,28.1,27.2,28.1,123403608
10/27/2015,27.9,28.8,27.8,28.5,99682072
10/28/2015,28.4,28.5,28.1,28.3,96731184
10/29/2015,28.6,28.8,28.1,28.2,120315904
10/30/2015,28.3,28.4,27.4,27.5,89433248
11/2/2015,27.6,28.6,27.5,28.6,58858248
11/3/2015,28.8,28.9,28.5,28.7,33445850
11/4/2015,29.2,29.9,29.1,29.9,106927872
11/5/2015,29.6,29.8,29.3,29.4,53306248
11/6/2015,29.2,29.7,29.1,29.6,26204610
11/9/2015,29.3,29.3,28.6,28.6,42113160
11/10/2015,28.4,28.5,27.8,27.8,65338608
11/11/2015,27.7,28.3,27.6,27.8,46042040
11/12/2015,27.7,28.3,27.5,28.3,42495632
11/13/2015,27.8,28.2,27.6,27.6,42492632
11/16/2015,27.1,27.5,27,27.4,64237980
11/17/2015,27.8,28,27.1,27.1,79165984
11/18/2015,27,27.2,26.3,26.3,95651216
11/19/2015,26.6,27.1,26.5,26.9,34803512
11/20/2015,26.9,27.5,26.7,27.5,35115980
11/23/2015,27.5,27.6,27.1,27.1,19660160
11/24/2015,27.2,27.5,26.8,26.9,23791390
11/25/2015,27.1,27.4,27,27,43586400
11/26/2015,27.2,27.3,26.8,26.8,30695760
11/27/2015,26.7,27,26.5,26.5,18825360
11/30/2015,26.5,26.7,25.6,25.6,192148656
12/1/2015,25.7,25.8,25,25.3,112104224
12/2/2015,25.5,25.9,25,25,61006432
12/3/2015,24.8,25.7,24.8,25.7,46423528
12/4/2015,25.4,25.6,25,25.2,32775970
12/8/2015,24.2,24.5,24.1,24.1,63287272
12/9/2015,24.3,24.5,23.1,23.2,94054712
12/11/2015,22.9,23,22,22,129819512
12/14/2015,21.1,22.6,20.6,22.4,166201536
12/15/2015,22.9,23.4,22.4,23.4,91388736
12/16/2015,23.7,24.4,23.6,24,97457792
12/17/2015,23.7,24.4,23.4,24.2,53263040
12/18/2015,23.8,23.8,22.5,22.5,69327280
12/21/2015,22.6,23.2,22.5,23.2,40711712
12/22/2015,23.3,24,23.3,24,40203768
12/23/2015,24.2,24.8,24.2,24.8,50964352
12/24/2015,25.3,25.4,24.9,25,42091380
12/25/2015,25.1,25.1,24.5,24.8,19912630
12/28/2015,24.8,24.9,24.3,24.7,13363860
12/29/2015,24.2,24.4,23.6,23.7,47700120
12/30/2015,23.9,24.7,23.8,24.4,52120120
1/4/2016,24.8,25,23.8,23.8,57982112
1/5/2016,23.9,24.1,22.5,22.7,88278952
1/6/2016,22.5,22.9,22.2,22.8,65346888
1/7/2016,21.5,21.6,20.6,20.9,182271104
1/8/2016,21.3,21.7,20.9,21.5,108977848
1/11/2016,21.1,21.3,20.6,21.1,82707984
1/12/2016,20.6,21.4,20.6,21.4,112550968
1/13/2016,21.8,22.7,21.4,22.7,135591712
1/14/2016,22.1,22.2,21.6,21.9,109374648
1/15/2016,21.8,22.1,20.6,20.6,173915552
1/18/2016,19.9,20.2,19.7,19.8,187305248
1/19/2016,20.1,21.1,19.9,21.1,124920008
1/20/2016,20.2,20.5,20,20,99339696
1/21/2016,20.7,20.8,20,20.4,116983856
1/22/2016,21.2,22,20.7,21.8,234321760
1/25/2016,22.3,22.9,22,22.2,188534432
1/26/2016,21.8,22.1,21.4,21.9,86445792
1/27/2016,22.4,22.7,22.1,22.2,91073128
1/28/2016,22.6,23.6,22.5,23.5,178310624
1/29/2016,23.6,23.7,23.2,23.6,106800008
2/1/2016,23.5,24.5,23,24,122640144
2/2/2016,23.7,23.7,23.1,23.2,65894140
2/3/2016,22.6,23.4,22.3,23.4,140390784
2/4/2016,24,24.3,23.8,23.8,121298648
2/5/2016,24,24.2,23.7,24.2,59878020
2/8/2016,24,24.4,23.9,24,44617232
2/9/2016,23.7,24.1,23.5,24.1,71490240
2/10/2016,23.7,23.8,23.4,23.6,87117208
2/11/2016,23.3,23.6,22.8,22.8,121510400
2/12/2016,23,23.2,22.7,23,94773400
2/15/2016,23.4,23.8,23.3,23.5,94263408
2/16/2016,23.9,24.3,23.7,23.8,136818464
2/17/2016,23.6,24.3,23.5,24.3,115514440
2/18/2016,24.8,25.2,24.5,25,198971840
2/19/2016,24.7,26,24.7,25.8,141755072
2/23/2016,26.3,26.8,26.1,26.2,158206336
2/24/2016,25.8,26.3,25.6,25.8,96522416
2/25/2016,26.2,26.3,25.8,26.1,49306872
2/26/2016,26.4,26.6,26.2,26.4,64448792
2/29/2016,26.3,26.6,26,26,72384448
3/1/2016,26.3,27,26.1,26.8,73859232
3/2/2016,27.2,27.5,27,27.3,81373640
3/3/2016,27.3,27.5,26.8,27.2,66237432
3/4/2016,27.6,27.7,27.3,27.7,67985152
3/7/2016,27.9,28.9,27.9,28.6,87565688
3/8/2016,28.9,29.3,28.1,28.1,85052160
3/9/2016,27.6,28.1,27.2,28.1,123255712
3/10/2016,28.3,28.4,27.5,27.5,64281380
3/11/2016,27.9,28.3,27.7,28.1,65968992
3/14/2016,28.4,28.5,27.6,27.6,45624220
3/15/2016,27.2,27.4,26.9,27,62317832
3/16/2016,27.2,27.5,26.8,27.1,70033536
3/17/2016,27.8,28.3,27.6,27.8,86596232
3/18/2016,28.2,28.4,28,28.2,74338096
3/21/2016,28.2,28.7,28,28.7,42572440
3/22/2016,28.7,29.1,28.5,28.8,90891920
3/23/2016,28.7,29.3,28.6,29.1,34313200
3/24/2016,28.6,29,28.5,28.5,46132080
3/25/2016,28.5,28.8,28.2,28.3,25471540
3/28/2016,28.3,28.5,28,28.4,17367310
3/29/2016,28.6,28.6,28.1,28.4,41681680
3/30/2016,28.6,29.2,28.5,28.7,88083168
3/31/2016,28.5,28.6,27.9,28,90467640
4/1/2016,27.8,27.9,27.5,27.8,53351712
4/4/2016,27.8,28,27.3,28,29784830
4/5/2016,27.5,27.7,27.3,27.5,50537040
4/7/2016,27.8,28,27.2,27.2,57500608
4/8/2016,27.3,28.1,27.2,28,37103608
4/11/2016,28.4,28.7,28.2,28.4,47376912
4/12/2016,28.7,28.8,28.5,28.6,33166310
4/18/2016,28.5,28.8,28.2,28.8,50922840
4/19/2016,29,29.8,28.9,29.8,99885032
4/20/2016,29.8,30.4,29.6,30.3,94814512
4/21/2016,31,31.5,30.9,31.3,88493048
4/22/2016,31.4,31.5,31,31,54583720
4/25/2016,30.8,30.9,30.2,30.3,36227152
4/26/2016,30.2,30.5,29.8,30.2,77187296
4/27/2016,30.5,30.7,30.2,30.3,61787800
4/28/2016,30.6,30.7,30.1,30.3,46548060
4/29/2016,30.4,30.5,30.1,30.4,25035710
5/3/2016,30.3,30.5,29.7,29.7,48035680
5/4/2016,29.4,29.4,29,29.3,56673640
5/9/2016,29.7,30.1,29.6,29.9,81295920
5/10/2016,29.3,29.8,29.1,29.4,56026960
5/11/2016,29.7,29.9,29.2,29.2,39202712
5/12/2016,29.4,30.5,29.2,30.5,60393700
5/13/2016,30.6,30.6,30,30,49326168
5/16/2016,30.6,31,30.5,30.7,42508192
5/17/2016,31,31.5,30.9,31.2,71039904
5/18/2016,31.5,31.6,31,31.1,54786968
5/19/2016,30.9,31,30.2,30.3,64356552
5/23/2016,30,30.2,29.6,29.9,58870312
5/24/2016,29.8,30,29.2,29.5,82222896
5/25/2016,30.1,30.3,29.9,30,50627920
5/26/2016,30.2,30.5,30.1,30.5,47607060
5/27/2016,30.3,30.9,30.3,30.7,45815608
5/30/2016,31,31.3,30.8,31,65628180
5/31/2016,31.1,31.2,30.1,30.1,104310792
6/1/2016,30.1,30.4,29.8,29.9,38829820
6/2/2016,30.1,30.7,30,30.5,57756168
6/3/2016,30.9,30.9,30.3,30.6,72829240
6/6/2016,30.8,30.9,30.5,30.8,38730840
6/7/2016,30.9,31.1,30.8,30.9,59963472
6/8/2016,31.1,31.7,31,31.7,80747936
6/9/2016,32,32.5,31.9,31.9,104982192
6/10/2016,31.8,32,31.6,31.7,37440312
6/13/2016,31.1,31.6,30.9,31.6,54055280
6/14/2016,31.4,31.8,31.3,31.7,36834080
6/15/2016,31.6,32,31.3,31.9,48697740
6/16/2016,31.6,31.7,31.2,31.3,69114792
6/17/2016,31.4,31.7,31.1,31.7,41198320
6/20/2016,32,32,31.7,31.8,34975480
6/21/2016,31.7,31.9,31.7,31.9,34055112
6/22/2016,31.9,32.2,31.8,32,30720000
6/23/2016,32,32.5,31.7,32.4,49071540
6/24/2016,31.7,31.8,30.6,30.8,211722240
6/27/2016,30.8,31.1,30.6,30.9,68339392
6/28/2016,31,31.2,30.8,31.2,50692480
6/29/2016,31.4,31.7,31.2,31.2,65693400
6/30/2016,31.4,31.6,31.1,31.3,44999000
7/4/2016,31.5,31.5,31.2,31.4,21749530
7/5/2016,31.4,31.4,31.1,31.2,27226920
7/6/2016,31,31.2,30.8,31,43858208
7/7/2016,31.3,31.6,31.3,31.4,45150140
7/8/2016,31.2,31.3,31,31.2,35490740
7/11/2016,31.3,31.4,30.7,30.9,43624100
7/12/2016,31.1,31.3,30.8,31.3,48201680
7/13/2016,31.4,31.6,31.2,31.5,47738472
7/14/2016,31.5,32.4,31.3,32.4,75943360
7/15/2016,32.5,33.1,32.3,32.7,101994720
7/20/2016,33,33.7,32.8,33.7,78400080
7/21/2016,33.6,34.1,33.5,33.6,46030180
7/22/2016,33.3,34.2,33.3,34.2,48471752
7/25/2016,33.9,34.2,33.8,33.9,26812200
7/26/2016,33.8,33.9,32.8,32.9,92141824
7/27/2016,33.2,33.4,32.9,33,43546512
7/28/2016,32.8,33.5,32.5,33.4,55389912
7/29/2016,33.4,33.6,32.9,33,58457040
8/1/2016,33.2,33.5,32.7,32.7,51582860
8/2/2016,32.3,32.4,31.8,31.9,71050800
8/3/2016,32,32.3,31.7,32.1,44472940
8/4/2016,32.6,33.4,32.5,33.2,69385368
8/5/2016,33.5,33.7,33.3,33.5,44530928
8/8/2016,34,34.1,33.6,33.7,64489728
8/9/2016,33.8,34.2,33.8,33.8,46558608
8/10/2016,33.8,34,33.6,33.7,25724390
8/11/2016,33.6,33.8,33.5,33.8,35242792
8/15/2016,34.2,34.5,33.9,34.4,76944800
8/16/2016,34.5,34.8,34.3,34.4,46788088
8/17/2016,34.4,34.4,34,34.2,38410660
8/18/2016,34.4,34.7,34.3,34.7,27405220
8/19/2016,34.9,35.3,34.9,34.9,79530608
8/22/2016,34.7,35.4,34.7,35,33181630
8/23/2016,34.4,34.7,34.3,34.5,48960432
8/24/2016,34.6,34.8,34.5,34.7,29065020
8/25/2016,34.9,35.1,34.6,34.6,49915672
8/26/2016,34.7,35.1,34.7,35.1,41818512
8/29/2016,35.2,35.3,35,35.2,26639780
8/30/2016,35.3,35.7,35.3,35.4,45539912
8/31/2016,34.8,34.9,34.6,34.9,51719620
9/1/2016,34.8,34.9,34.5,34.5,45659400
9/2/2016,34.6,34.6,33.2,33.5,119579240
9/5/2016,33.8,33.9,32.5,33.3,108205520
9/6/2016,33.4,33.7,33.2,33.3,59364888
9/7/2016,33.5,33.7,33.1,33.3,59347792
9/8/2016,33.6,33.6,33.1,33.3,78736800
9/9/2016,33.5,33.5,32.3,32.5,116555680
9/12/2016,31.9,32,31.1,31.1,112104888
9/13/2016,31.6,32.6,31.4,32.3,111534648
9/14/2016,32.1,32.5,31.8,32.1,78267456
9/15/2016,31.9,32.2,31.8,31.9,48377760
9/16/2016,32.2,32.6,32,32.6,191026256
9/19/2016,32.7,33,32.5,32.9,29024000
9/20/2016,32.6,32.7,32.3,32.6,58930220
9/21/2016,32.9,33.3,32.8,33.3,44248220
9/22/2016,33.6,33.7,33.4,33.7,53811792
9/23/2016,33.7,33.8,33.1,33.3,59712220
9/26/2016,32.9,33.3,32.7,33.1,32565220
9/27/2016,33.2,33.4,33,33.1,37405968
9/28/2016,33,33.2,32.8,32.9,25256930
9/29/2016,33.8,34.3,33.7,34.2,122964672
9/30/2016,34.2,34.5,33.8,33.9,86245376
10/3/2016,34.3,34.7,34.2,34.7,50314968
10/4/2016,34.8,34.9,34.5,34.6,66071120
10/5/2016,34.9,34.9,34.6,34.7,36787800
10/6/2016,34.9,35,34.7,34.7,45858512
10/7/2016,34.9,35,34.5,34.5,36569088
10/10/2016,33.5,33.9,33.1,33.5,59459960
10/11/2016,34,34.4,33.2,33.7,82013984
10/12/2016,33.7,34,32,33.7,196141248
10/13/2016,33.4,33.8,32.5,33.8,147964416
10/14/2016,34.8,35.7,34.5,35.3,124020064
10/17/2016,35.4,35.5,34.8,35.2,60051192
10/18/2016,35.2,36.1,35,35.5,91086008
10/19/2016,35.4,36.1,35.3,35.4,69110200
10/20/2016,36,36.3,35.7,35.7,66093848
10/21/2016,35.6,35.7,35.1,35.2,60107232
10/25/2016,35.4,35.5,35.2,35.4,39665752
10/26/2016,35.3,35.3,34.7,34.7,32232520
10/27/2016,34.7,35.4,34.6,35.1,44269000
10/28/2016,35,35.1,34.7,34.9,39969080
10/31/2016,34.6,34.7,34.4,34.6,33599000
11/1/2016,34.6,34.8,34.3,34.6,35592000
11/2/2016,34.4,34.4,34.1,34.2,32028000
11/3/2016,34,34.6,34,34,42346000
11/4/2016,33.9,34.1,33.6,33.7,42114000
11/7/2016,34.1,34.6,33.8,34.6,26992000
11/8/2016,34.6,35,34.4,34.9,38205000
11/9/2016,34.4,34.6,33.8,34.5,83741696
11/10/2016,34.7,34.7,34.1,34.1,57591000
11/11/2016,33.9,34,33.5,33.5,52138000
11/14/2016,32.6,32.9,32.5,32.7,64731000
11/15/2016,32.9,33.8,32.7,33.7,48542000
11/16/2016,34.3,34.4,33.7,33.7,76063000
11/17/2016,33.9,34,33.5,34,26695000
11/18/2016,33.9,34.4,33.6,34.4,55313000
11/21/2016,34.5,34.7,34.1,34.1,49270000
11/22/2016,34.6,34.7,34.4,34.4,46651000
11/23/2016,34.6,35,34.5,35,55610000
11/24/2016,35,35.1,34.6,34.9,35083000
11/25/2016,35,35.1,34.6,34.8,30734000
11/28/2016,34.8,34.8,34.3,34.4,37788000
11/29/2016,34.7,34.8,34.2,34.2,40617000
11/30/2016,34.2,34.9,34.2,34.9,77901000
12/1/2016,35.5,36.5,35.4,36.4,159670000
12/2/2016,36.7,37,35.6,35.6,109641000
12/6/2016,36,36.7,35.4,36.7,63390000
12/7/2016,36.6,36.8,36.4,36.5,51880000
12/8/2016,36.6,36.6,36.2,36.2,46079000
12/9/2016,36.8,37,36.6,36.9,65290000
12/13/2016,37.1,37.3,36.8,36.8,85396000
12/14/2016,36.7,36.8,36.4,36.6,51709000
12/15/2016,36.2,36.5,36,36.2,58271000
12/16/2016,36.3,36.6,36.3,36.3,54103000
12/19/2016,36.6,36.6,36.4,36.5,32187000
12/20/2016,36.2,36.4,35.9,36.4,44475000
12/21/2016,36.4,36.6,36.3,36.3,20093000
12/22/2016,36.3,36.4,36,36.3,30709000
12/23/2016,36.3,36.7,36.3,36.5,28730000
12/26/2016,36.6,36.8,36.3,36.5,15572000
12/27/2016,36.5,36.6,36.4,36.5,15425000
12/28/2016,36.5,36.9,36.4,36.9,33264000
12/29/2016,36.7,37.7,36.7,37.5,57663000
12/30/2016,37.4,37.7,37.2,37.2,44540000
1/4/2017,37.4,38.1,37.3,38,75879000
1/5/2017,38.2,38.8,38.2,38.7,75282000
1/6/2017,38.7,38.9,38.5,38.9,45129000
1/9/2017,38.9,39,38.2,38.3,40455000
1/10/2017,38.3,38.9,38.2,38.8,43224000
1/11/2017,38.5,38.9,38.5,38.5,38177000
1/12/2017,38.9,38.9,38.3,38.3,35313000
1/13/2017,38.5,38.7,38.3,38.6,37456000
1/16/2017,38.6,39.1,38.5,38.9,42809000
1/17/2017,38.8,39,38.6,38.7,32141000
1/18/2017,38.7,38.8,38.5,38.5,23665000
1/19/2017,38.5,38.6,38.3,38.5,32121000
1/20/2017,38.7,38.8,38.5,38.6,33027000
1/23/2017,38.7,38.9,38.5,38.9,24963000
1/24/2017,38.9,40.8,38.9,40.8,128983000
1/25/2017,40.8,41.2,40.2,41,74923000
1/26/2017,42,43,41.4,42,121160000
1/27/2017,42,42.2,41.4,41.8,43895000
1/30/2017,41.6,42,41.4,41.8,28986000
1/31/2017,41.6,41.6,40.4,40.4,70486000
2/1/2017,40.4,41,40,40.4,80764000
2/2/2017,40.2,40.6,40.2,40.4,45951000
2/3/2017,40.4,41.6,40.2,41,69129000
2/6/2017,41,41.8,40.6,41.6,62098000
2/7/2017,41.2,41.4,40.8,41,43756000
2/8/2017,41,41.2,40.6,40.8,43053000
2/9/2017,41,41.2,39.4,39.4,128031000
2/10/2017,39.8,39.8,39.3,39.6,132435000
2/14/2017,39.4,39.4,38.6,38.6,133047000
2/15/2017,38.7,39.7,38.6,39.7,106851000
2/16/2017,39.7,39.8,39.1,39.4,56206000
2/17/2017,39.5,39.9,39.5,39.6,58265000
2/20/2017,39.7,39.8,39.5,39.7,21270000
2/21/2017,39.8,40.2,39.6,39.7,55256000
2/22/2017,39.9,40.2,39.7,40.2,56561000
2/23/2017,40,40,39.6,39.8,38878000
2/24/2017,39.7,40,39.6,39.9,30676000
2/27/2017,39.7,40,39.7,40,24447000
2/28/2017,40,40,39.7,39.7,30061000
3/1/2017,39.8,39.9,39.4,39.9,47124000
3/2/2017,39.9,40.2,39.7,39.9,40710000
3/3/2017,39.5,39.7,39.5,39.6,35614000
3/6/2017,39.5,39.6,38.7,38.8,85752000
3/7/2017,38.8,39.1,38.8,38.9,47171000
3/8/2017,38.9,39.4,38.8,39.4,60501000
3/9/2017,39.1,39.2,38.8,39,49430000
3/10/2017,39,39.1,38.7,39,37112000
3/13/2017,39,39.4,38.8,39.4,40327000
3/14/2017,39.4,39.8,39.1,39.7,84833000
3/15/2017,39.7,39.8,39.5,39.5,42234000
3/16/2017,40,40,39.5,39.7,67448000
3/17/2017,39.8,39.9,39.6,39.6,53444000
3/20/2017,40,40.4,39.9,40.2,60715000
3/21/2017,40.4,40.8,40.2,40.6,40390000
3/22/2017,40.4,40.8,40.2,40.6,35429000
3/23/2017,40.8,40.8,40.2,40.2,33499000
3/24/2017,40.4,40.8,40.2,40.8,28918000
3/27/2017,40.8,40.8,40.2,40.4,71246000
3/28/2017,40.4,40.6,40.2,40.4,57818000
3/29/2017,39.6,39.7,39.4,39.5,31458000
3/30/2017,39.5,39.8,39.4,39.5,76110000
3/31/2017,39.7,39.8,38.7,38.7,103687000
4/3/2017,39,39.4,38.9,39.2,38942000
4/4/2017,39.1,39.4,39,39.2,55023000
4/5/2017,39.3,39.3,38.9,39,53016000
4/7/2017,39.1,39.3,38.9,39.2,46657000
4/10/2017,39.3,39.5,39.2,39.5,35646000
4/11/2017,39.6,39.6,39.3,39.4,32476000
4/12/2017,39.5,39.7,39.4,39.7,42293000
4/17/2017,39.5,39.6,39.3,39.3,27718000
4/18/2017,39.4,39.5,39.2,39.2,29205000
4/19/2017,39.2,39.5,39.2,39.3,26153000
4/20/2017,39.4,39.5,39.1,39.2,30203000
4/21/2017,39.3,39.4,39,39,30323000
4/24/2017,39.3,39.3,38.9,38.9,29944000
4/25/2017,38.9,39.1,38.8,39,31018000
4/26/2017,39.1,39.2,38.6,38.8,48800000
4/27/2017,38.7,39.1,38.6,38.8,21043000
4/28/2017,39.1,39.2,38.9,38.9,24511000
5/2/2017,38.8,39.1,38.8,38.9,34586000
5/3/2017,38.8,39.1,38.8,38.9,25868000
5/4/2017,39,39.1,38.9,39,27784000
5/5/2017,38.9,39,38.6,39,45616000
5/8/2017,39,39,38.7,38.9,34961000
5/9/2017,39,39,38.7,38.7,23221000
5/11/2017,38.9,39,38.6,38.6,39760000
5/12/2017,38.8,38.9,37.9,38.1,101677000
5/15/2017,38.2,38.6,38.1,38.6,37422000
5/16/2017,39,39.4,38.8,39.3,91450000
5/17/2017,39.2,39.5,38.9,38.9,30017000
5/18/2017,39.2,39.3,39,39.2,26467000
5/19/2017,39.2,39.4,39.1,39.3,27021000
5/22/2017,39.4,39.5,39.1,39.3,35929000
5/23/2017,39.4,39.5,39.2,39.3,40191000
5/24/2017,39.3,39.6,39.3,39.5,39768000
5/25/2017,39.6,39.6,39.3,39.4,27641000
5/26/2017,39.2,39.4,39.1,39.3,30386000
5/29/2017,39.3,39.4,39.2,39.4,14873000
5/30/2017,39.4,39.5,39.1,39.2,13446000
5/31/2017,39.3,39.4,39.1,39.3,66392000
6/1/2017,39.2,39.3,38.8,39,32902000
6/2/2017,39,39.1,38.9,39.1,22348000
6/5/2017,39.2,39.3,38.2,38.3,88069000
6/6/2017,38.5,38.6,38.2,38.5,53708000
6/7/2017,38.6,38.9,38.5,38.5,44418000
6/8/2017,38.4,38.5,38.1,38.2,52907000
6/9/2017,38.3,38.3,38,38.3,48017000
6/12/2017,38.4,38.4,38,38.1,22450000
6/13/2017,38.2,38.6,37.9,38.5,64574000
6/14/2017,38.5,38.6,38.3,38.4,26723000
6/15/2017,38.3,38.4,37.9,38,52396000
6/16/2017,38,38.2,37.7,37.9,40507000
6/19/2017,38,38.2,38,38,16749000
6/20/2017,38.1,38.4,38,38.4,24501000
6/21/2017,38.2,38.2,37.7,37.7,80741000
6/22/2017,37.7,38,37.6,37.8,37459000
6/23/2017,37.8,38.1,37.8,38,24888000
6/26/2017,38,38.2,37.9,37.9,19854000
6/27/2017,38,38.1,37.9,38,19561000
6/28/2017,38,38.1,37.7,37.7,47308000
6/29/2017,37.8,37.9,37.5,37.5,76289000
6/30/2017,37.5,37.5,37,37,103831000
7/3/2017,37.2,37.4,37.1,37.3,33027000
7/4/2017,37.5,37.7,37.4,37.4,29610000
7/5/2017,37.4,37.5,37.2,37.3,26015000
7/6/2017,37.2,37.2,36.5,36.9,112079000
7/7/2017,36.7,37.4,36.7,37.4,44647000
7/11/2017,37.4,37.4,37.1,37.3,34718000
7/12/2017,37.4,37.5,37.2,37.2,34383000
7/13/2017,37.3,37.7,37.3,37.6,46734000
7/14/2017,37.6,37.7,37.3,37.4,32488000
7/17/2017,37.6,37.7,37.4,37.6,20325000
7/18/2017,37.6,38,37.5,38,31945000
7/19/2017,38,38.1,37.9,38,17774000
7/20/2017,38.2,38.2,37.8,37.8,22367000
7/21/2017,37.8,38,37.8,37.8,12618000
7/24/2017,37.8,37.9,37.6,37.8,19704000
7/25/2017,37.9,38.5,37.7,38.5,62237000
7/26/2017,38.6,39,38.6,38.8,76631000
7/27/2017,38.9,38.9,38.7,38.8,26683000
7/31/2017,39,39,38.5,38.8,99014000
8/1/2017,38.7,38.8,38.5,38.6,33341000
8/2/2017,38.5,38.6,38.1,38.1,58428000
8/3/2017,38.1,38.4,38,38,46016000
8/4/2017,38,38.3,37.9,38.1,27719000
8/7/2017,38.1,38.3,38.1,38.2,15638000
8/8/2017,38.3,38.4,38.1,38.2,23598000
8/9/2017,38.2,38.4,38.1,38.4,20249000
8/10/2017,38.4,38.5,38.2,38.2,24355000
8/11/2017,38.1,38.3,38,38.1,37503000
8/15/2017,38.4,38.5,38.2,38.4,26372000
8/16/2017,38.3,38.5,38.3,38.4,18087000
8/17/2017,38.5,38.6,38.3,38.5,22242000
8/18/2017,38.5,39,38.4,38.9,43101000
8/21/2017,39,39.5,39,39.3,49173000
8/22/2017,39.3,39.3,39.1,39.2,26078000
8/23/2017,39.3,39.4,39.2,39.4,20586000
8/24/2017,39.4,39.5,39.2,39.3,32167000
8/25/2017,39.3,39.5,39.1,39.4,38937000
8/28/2017,39.5,39.6,39.3,39.4,45586000
8/29/2017,39.4,40.8,39.3,40,199823008
8/30/2017,40.4,40.8,40,40.2,96940000
8/31/2017,39.5,40.2,39.4,39.9,86320000
9/1/2017,40.2,40.2,39.8,40,49800000
9/4/2017,39.8,40.2,39.8,39.9,34769000
9/5/2017,40,40.2,39.8,40,33978000
9/6/2017,40.2,40.2,39.8,39.8,49190000
9/7/2017,40,40.8,40,40.6,72311000
9/8/2017,40.6,40.8,40.4,40.6,75716000
9/11/2017,40.6,40.6,40.2,40.4,46902000
9/12/2017,40.6,41,40.4,40.6,78435000
9/13/2017,40.8,40.8,40.4,40.4,50220000
9/14/2017,40.6,41.4,40.4,41,104967000
9/15/2017,41,41.4,40.8,41.2,71128000
9/18/2017,41.4,42.2,41.4,41.6,92981000
9/19/2017,41.8,42.2,41.4,42,61043000
9/20/2017,42,42,41.6,41.6,27694000
9/21/2017,41.8,42,41.4,41.4,45799000
9/22/2017,41.4,41.6,40.6,40.6,75798000
9/25/2017,40.8,41.2,40.4,41.2,23149000
9/26/2017,41.6,42,41.4,41.8,52447000
9/27/2017,41.8,42,41.2,41.8,46064000
9/28/2017,41.8,41.8,41.2,41.4,42127000
9/29/2017,41.2,41.2,40.8,40.8,55952000
10/2/2017,40.8,42,40.8,41.8,76069000
10/3/2017,42,42.2,41.6,42.2,64154000
10/4/2017,42.2,42.8,42,42.4,77317000
10/5/2017,42.2,42.4,41.8,41.8,36932000
10/6/2017,42,42.2,41.8,42,37248000
10/9/2017,42,42.4,41.8,41.8,25586000
10/10/2017,42,43,41.8,42.8,77577000
10/11/2017,43.4,43.6,42.6,43,70610000
10/12/2017,43.2,43.4,42.2,42.4,81823000
10/16/2017,43,43,42.6,42.8,46412000
10/17/2017,42.6,43,42.4,43,44418000
10/18/2017,42.8,42.8,42,42.2,66002000
10/19/2017,42.2,42.4,41.4,41.6,81675000
10/20/2017,40.6,41.2,40.6,41,113327000
10/24/2017,41,41.4,41,41,34294000
10/25/2017,41.2,41.6,41,41,51057000
10/27/2017,41.2,42,41.2,41.6,47465000
10/30/2017,42,42.4,41.6,42,86355000
10/31/2017,42,42.4,42,42,28636000
11/1/2017,42.4,42.4,41.8,42,45474000
11/2/2017,41.8,42.2,41.2,41.6,51148000
11/3/2017,41.8,41.8,41.2,41.6,36638000
11/6/2017,41.8,42.2,41.4,42.2,42919000
11/7/2017,42.4,42.8,42.4,42.4,66284000
11/8/2017,42.4,42.6,42,42,37231000
11/9/2017,41.8,42.2,41.6,41.6,47493000
11/10/2017,41.6,41.8,41.4,41.4,39600000
11/13/2017,41.4,41.6,41.2,41.4,33346000
11/14/2017,41.2,42,41.2,41.8,59775000
11/15/2017,41.6,41.6,40.8,41.2,73862000
11/16/2017,41.2,41.4,41,41,38859000
11/17/2017,41.2,41.8,41,41.8,55735000
11/20/2017,42,42,41.2,41.6,30240000
11/21/2017,41.8,41.8,41.2,41.4,34576000
11/22/2017,41.8,41.8,41.4,41.4,30347000
11/23/2017,41.6,41.8,41.2,41.2,44993000
11/24/2017,41.2,41.4,41,41.4,43300000
11/27/2017,41.2,41.6,41.2,41.6,23443000
11/28/2017,41.4,41.4,41.2,41.4,30440000
11/29/2017,41.2,41.6,41,41.2,32796000
11/30/2017,41.2,41.4,41,41.2,41112000
12/1/2017,41.6,42.2,41.2,42,60773000
12/4/2017,42.2,42.2,41.8,42,25998000
12/6/2017,42,42.2,41.8,42.2,61696000
12/7/2017,42.2,42.2,41.8,42,38396000
12/8/2017,41.8,42.2,41.6,42.2,47730000
12/12/2017,42.4,42.8,42.2,42.8,77993000
12/13/2017,42.8,43,42.6,42.6,61753000
12/14/2017,42.8,43,42.6,43,36901000
12/15/2017,42.8,43.2,42.6,43.2,70332000
12/18/2017,43.2,43.6,43,43.6,62442000
12/19/2017,43.6,43.8,43.6,43.8,36153000
12/20/2017,43.8,44,43.6,44,32203000
12/21/2017,44,44,43.6,43.8,40940000
12/22/2017,44,44.6,43.8,44.6,58815000
12/25/2017,44.8,45.2,44.6,44.8,43682000
12/26/2017,44.6,44.8,43.8,44,68052000
12/27/2017,44.4,44.8,44,44,59254000
12/28/2017,44,44.2,43.8,43.8,45493000
12/29/2017,44.2,44.2,43.6,44,34749000
1/3/2018,44.2,45,44,45,81239000
1/4/2018,45.2,47.2,45,47.2,124259000
1/5/2018,47.2,47.4,46.4,46.8,87860000
1/8/2018,46.8,47.2,46.6,46.6,63976000
1/9/2018,46.8,47,46.2,46.6,55085000
1/10/2018,47,47.8,47,47,125555000
1/11/2018,46.8,47.2,46.2,47.2,72251000
1/12/2018,47.4,47.6,46.8,47,56663000
1/15/2018,47.8,48.8,47.8,48.4,75603000
1/16/2018,48.8,49.4,48.2,48.2,48780000
1/17/2018,48.2,48.6,47.8,48.4,76105000
1/18/2018,49,49,48,48,64940000
1/19/2018,47.8,48.2,47.6,47.8,56392000
1/22/2018,48,48.6,47.8,48.4,38327000
1/23/2018,48.8,49.2,48.4,48.8,57940000
1/24/2018,48.8,49.2,48.6,49.2,38894000
1/25/2018,49.6,49.8,48.4,48.6,61458000
1/26/2018,48.8,49,48.4,49,65887000
1/29/2018,49.6,50,49.2,49.8,58510000
1/30/2018,49.4,49.8,48.8,49,80868000
1/31/2018,48.6,49.8,48.6,49.2,87819000
2/1/2018,49.6,50,49.2,49.8,67874000
2/2/2018,50.4,51,50,50.2,97839000
2/5/2018,49.2,50.2,49.2,50,83664000
2/6/2018,48.6,49,48,48.4,238468992
2/7/2018,49,49,48.2,48.4,102954000
2/8/2018,48.4,49,48,48,106229000
2/9/2018,47.6,48.2,47.4,48,93569000
2/12/2018,48,48.8,47.8,48.8,53925000
2/13/2018,49.2,49.2,48.4,48.8,56410000
2/14/2018,48.8,49,48,48,68945000
2/15/2018,48.4,48.8,48,48.6,47286000
2/16/2018,49,49,48.4,48.6,29076000
2/19/2018,49,49.2,48.8,48.8,66162000
2/20/2018,48.8,49.2,48.6,49,40499000
2/21/2018,50.8,52.6,50.8,52.2,330376000
2/22/2018,52.4,54.8,52.2,54,332671008
2/23/2018,54.6,54.8,53.2,53.8,167568992
2/26/2018,54.2,56.8,53.6,56.6,204246000
2/27/2018,57.2,58.8,56.8,57.4,298400992
2/28/2018,57,57.8,56.4,56.8,221819008
3/2/2018,56,56.4,55.2,55.6,208658000
3/5/2018,56,56.4,55,56.2,169267008
3/6/2018,55.6,56,55.2,55.2,122323000
3/7/2018,55,55,54,54,161007008
3/8/2018,54.4,54.6,53.2,53.2,204968992
3/9/2018,53.4,53.4,52.2,53.4,183815008
3/12/2018,54.4,55.8,54.2,55.8,149250000
3/13/2018,55.4,56.6,55.2,56.6,142055008
3/14/2018,56.4,56.6,55.4,56,132393000
3/15/2018,56,56.4,55.6,55.8,78002000
3/16/2018,55.4,55.6,54.6,54.8,160472000
3/19/2018,54.6,54.6,53.6,53.6,132993000
3/20/2018,53.6,54.8,53.4,54.2,107076000
3/21/2018,54.6,54.8,54,54.2,84649000
3/22/2018,54.6,55.4,54.2,54.4,105139000
3/23/2018,53.4,55,53.4,55,127146000
3/26/2018,55.2,56,55.2,56,102487000
3/27/2018,56.2,56.4,55.8,56,83788000
3/28/2018,55.8,57,55.6,56,160142000
3/29/2018,56,56,54.2,54.8,220320000
3/30/2018,55,55.6,54.4,55.2,129086000
4/2/2018,55,55.4,54.8,55.2,57952000
4/3/2018,54.6,55,54.2,54.6,81677000
4/4/2018,54.6,54.8,53.2,53.2,159904992
4/5/2018,53.8,54.2,53.4,54.2,83408000
4/9/2018,53.8,55.4,53.8,55,97806000
4/10/2018,55.4,55.6,54.8,55.2,85706000
4/11/2018,55.6,55.6,54.2,54.6,115582000
4/12/2018,55,55.4,54.4,55,110041000
4/17/2018,55,55.2,54.6,54.6,86401000
4/18/2018,55,55,54.6,55,61960000
4/19/2018,55.4,58,55.4,58,273007008
4/20/2018,58.6,59,57.6,58.8,211704000
4/23/2018,58.6,58.8,57.2,57.2,191878000
4/24/2018,57.75,59.5,57.25,58,325306304
4/25/2018,57.5,57.75,56.75,57.5,157002496
4/26/2018,57.5,57.75,56.5,56.5,113278496
4/27/2018,57,57,56,56.5,104864704
4/30/2018,56.5,57,56.25,56.5,83708304
5/2/2018,56.25,57,55.25,57,110577504
5/3/2018,56.5,57.75,56.5,57.5,135296800
5/4/2018,57.25,57.5,56.25,56.75,115768304
5/7/2018,57.25,57.5,56.5,56.75,107637800
5/8/2018,56.75,57,55.25,55.5,126756000
5/9/2018,55.75,56.5,55.5,56.25,95601800
5/10/2018,57,57,56,56,78033200
5/11/2018,56,56.75,55.5,56.75,78480800
5/14/2018,56.75,57.25,56.75,57,46814100
5/15/2018,56.75,57,56,56.5,80006000
5/16/2018,56.25,56.75,56.25,56.5,55780100
5/17/2018,56.75,57.75,56.25,57.25,119569504
5/18/2018,57.25,57.5,56.75,57,57711700
5/21/2018,57.25,57.5,56.75,57,56374800
5/22/2018,57,57,55,55.25,167858208
5/23/2018,54,54.25,52.75,53.5,273302208
5/24/2018,53,53,50.75,50.75,235261792
5/25/2018,51.25,52,50.5,52,142250800
5/28/2018,50.75,51.25,50,50.25,107089504
5/30/2018,49.25,51.75,49,51.5,226064000
5/31/2018,52.25,53.5,51.75,52.25,206712096
6/1/2018,52.25,52.5,51.25,51.5,129175400
6/4/2018,51.75,52.25,51.25,51.75,78044400
6/5/2018,51.75,52.25,51,52,75242400
6/6/2018,52,53,52,52.5,91991696
6/7/2018,52.5,52.75,52,52.25,49200600
6/8/2018,52.5,52.5,51,51,73894096
6/11/2018,51,51.25,50.5,50.75,62354000
6/12/2018,51,52.25,50.75,51.5,68496600
6/13/2018,51.5,51.75,51,51,51645800
6/14/2018,51,51.25,50,51,103017600
6/15/2018,50.5,50.75,49.75,50,125894600
6/18/2018,49.25,49.5,48.75,49,157428000
6/19/2018,48.75,49.25,47.5,47.75,171700000
6/20/2018,48.5,49,48,48.75,110820496
6/21/2018,48.75,48.75,47,47.5,109123800
6/22/2018,48.25,48.75,47.5,48,81454200
6/25/2018,48.75,49.25,48,48,85629504
6/26/2018,47.5,48.25,47.25,48,110144800
6/27/2018,48.75,49,47.5,48,93749904
6/28/2018,48.5,48.5,47.5,47.5,85942200
6/29/2018,48,48,47.25,48,74551000
7/2/2018,48,48,47,47.75,66120400
7/3/2018,47.75,48,47,47.5,80016400
7/4/2018,47.5,47.75,47,47.75,58381700
7/5/2018,47.5,47.75,46.25,46.25,77335696
7/6/2018,46.25,46.5,44.25,46.25,157614000
7/9/2018,47,47.25,46.5,47,51029600
7/10/2018,47,48.75,46.5,48.75,84328400
7/11/2018,48,48.75,47.75,48.5,74055104
7/12/2018,48,48.5,47.75,48,54379100
7/13/2018,48,48.25,47.5,47.5,36081100
7/16/2018,47.25,48,47.25,47.5,29481300
7/17/2018,47.5,48.25,47.25,47.75,58694800
7/18/2018,48.5,49.75,48.25,49.5,96638304
7/19/2018,49.75,50,49,49.5,53977500
7/20/2018,49.5,51.5,49.25,51.5,117827696
7/23/2018,51.25,51.5,50.75,51,45791600
7/24/2018,51.25,51.75,50.25,50.25,63252200
7/25/2018,50.25,51.5,50.25,51,56717600
7/26/2018,51.5,51.75,50.75,51.75,68520704
7/31/2018,51.5,51.75,50.75,51.25,84223400
8/1/2018,51.25,52.75,50.75,52.5,115565400
8/2/2018,52,52.5,51.5,52,77496200
8/3/2018,51.75,52.25,51.5,51.75,41694900
8/6/2018,52,52.25,51.25,51.5,39754800
8/7/2018,51.75,52.5,51.25,52.25,58994400
8/8/2018,52.25,53,52.25,53,82988200
8/9/2018,52.5,53,52.5,52.5,50597000
8/10/2018,52.25,52.75,51.75,51.75,47011600
8/14/2018,51.5,52,51,51.75,58340400
8/15/2018,51.5,51.75,50.75,51,52610500
8/16/2018,50.5,50.75,49.5,50.5,94396000
8/17/2018,51,52,51,51.5,70988496
8/20/2018,52,52.5,52,52.25,34657600
8/21/2018,52.5,52.75,51.5,51.75,75318000
8/22/2018,51.75,52.5,51.25,51.75,68004896
8/23/2018,52.25,52.5,51.75,52,50542900
8/24/2018,51.75,52.25,51.5,51.75,55900700
8/27/2018,52,52.25,51.75,52,51157200
8/28/2018,52.25,53,52.25,52.5,92789296
8/29/2018,52.5,52.5,52,52.5,57306100
8/30/2018,52.5,52.75,52,52,49662200
8/31/2018,51.75,52.5,51.75,52.5,54766500
9/3/2018,52.5,52.75,52.25,52.75,37571700
9/4/2018,52.75,53,52.25,52.25,78851600
9/5/2018,51.75,52,50.5,50.5,81497904
9/6/2018,50.5,50.5,49.75,50.5,75705800
9/7/2018,50.25,50.25,49.5,50,61471900
9/10/2018,50,50.25,49.5,50.25,34077100
9/11/2018,50,50.25,48.75,48.75,89541504
9/12/2018,49,49.75,48.75,49.5,70998096
9/13/2018,50.25,52.25,50.25,52,118417200
9/14/2018,52.25,52.25,51.5,51.75,48676600
9/17/2018,51.5,51.75,50.75,51,51129800
9/18/2018,50.75,52.25,50.75,52,102707000
9/19/2018,52.25,53,52,52.5,116079600
9/20/2018,53,53.75,52.75,53.5,117463696
9/21/2018,53.75,54,53.25,53.75,102535600
9/24/2018,53.5,54,53.25,54,42751100
9/25/2018,54,54.25,53.75,54,45177600
9/26/2018,54.25,54.5,54,54.25,41601500
9/27/2018,54.25,54.5,53,54,88924304
9/28/2018,54.5,54.5,54,54.25,49890000
10/1/2018,54.75,55,54.5,54.75,56906200
10/2/2018,54.75,55.25,54.25,54.5,75827200
10/3/2018,54.5,54.75,53.25,53.5,57174600
10/4/2018,53.25,53.75,52.5,53,79805504
10/5/2018,52.5,53,52.25,52.5,45275600
10/8/2018,52.5,53,51.75,51.75,62608300
10/9/2018,52,52.5,51.75,52.25,60714800
10/10/2018,52.75,54,52.75,54,84425104
10/11/2018,51.25,52,50.75,51,161422896
10/12/2018,51.5,52,51,51.5,78177000
10/16/2018,51.5,51.75,51,51,43143300
10/17/2018,51.5,51.75,51,51,39322500
10/18/2018,50.75,51.5,50.5,51,42968200
10/19/2018,50.75,51,50.5,50.5,60801700
10/22/2018,50.75,51,50.25,50.25,25528000
10/24/2018,48.75,49.25,48.5,48.5,99742400
10/25/2018,47.75,50,47.75,49.5,110238496
10/26/2018,49.25,49.5,48.25,48.25,94270400
10/29/2018,48.5,49.5,48.5,48.75,30536400
10/30/2018,48.75,49.5,48.5,49.25,43117500
10/31/2018,50,51,49.5,51,72326096
11/1/2018,50.75,51,49.5,49.5,101938000
11/2/2018,49.75,50.25,49.25,49.75,76979504
11/5/2018,49.25,49.5,49,49.25,46735900
11/6/2018,49.5,50.25,49.5,49.75,45290000
11/7/2018,50.25,50.5,49.5,50.25,61291900
11/8/2018,50.75,51.25,50.75,50.75,56791700
11/9/2018,50.25,50.5,49.75,49.75,47183700
11/12/2018,50,50.25,49.75,49.75,35330100
11/13/2018,49.5,50.5,49.5,50,60123200
11/14/2018,49.5,49.5,48.5,49,75095104
11/15/2018,49,49.25,48.5,48.75,57846600
11/16/2018,48.75,49.25,48.5,48.75,39354100
11/19/2018,48.75,49,48.5,48.75,36193800
11/20/2018,48.75,49,48.25,48.5,27612900
11/21/2018,48,48.75,48,48.25,53508900
11/22/2018,48.5,48.75,48,48,26426300
11/23/2018,48.25,49,48,48.75,39162200
11/26/2018,48.5,48.75,48.25,48.5,27399400
11/27/2018,48.25,49,48.25,48.75,32470700
11/28/2018,49,49.5,48.75,49,32987600
11/29/2018,49.25,50,49.25,49.25,31648400
11/30/2018,49.5,50,49,49.25,50870800
12/3/2018,50.5,52.25,50.25,51.75,102166400
12/4/2018,51.5,51.75,51,51.5,59150400
12/6/2018,50.5,50.75,50,50.25,57776700
12/7/2018,50.5,50.75,49.5,49.5,60108000
12/11/2018,49.5,49.75,49,49.25,51995700
12/12/2018,49.5,49.75,48.75,49,55457100
12/13/2018,49,49.25,47,47.5,107105504
12/14/2018,47.5,48.25,47.25,47.75,51388700
12/17/2018,47.75,48.25,47.75,48,39167300
12/18/2018,47.5,47.75,47,47.25,64938700
12/19/2018,46.75,47.25,46.25,47,87102704
12/20/2018,46.75,47.25,46.5,46.75,41622600
12/21/2018,46.5,47.5,46.5,47.5,52923700
12/24/2018,47.25,48.25,47,47.5,30399200
12/25/2018,46.75,46.75,45.25,45.25,57988500
12/26/2018,45.5,45.75,45.25,45.5,48055200
12/27/2018,47,47.5,45.25,45.5,92559296
12/28/2018,45.75,46.5,45.75,46,40796100
1/2/2019,46.25,46.75,46.25,46.25,30481900
1/3/2019,46.5,47,45.25,45.5,53438400
1/4/2019,45.5,47,45.25,46.75,60708300
1/7/2019,47.25,48.75,47.25,48,86356304
1/8/2019,48.25,48.75,47.75,48,50671500
1/9/2019,49.25,49.25,48,48.25,61760500
1/10/2019,48.25,49,48,48.75,70224304
1/11/2019,48.75,49.25,48.75,49.25,46822700
1/14/2019,48.75,49,47.5,48,63594700
1/15/2019,48.25,48.5,47.5,47.75,42908000
1/16/2019,48,48.25,47,47.5,71303600
1/17/2019,47.25,48,47.25,47.25,53656000
1/18/2019,48,48.5,47.75,48.25,43114000
1/21/2019,48.5,49,48.5,48.75,40896500
1/22/2019,48.75,49.75,48.75,49.5,60630600
1/23/2019,49.5,50,49.25,49.5,97284200
1/24/2019,49.5,50,49,49,65759600
1/25/2019,49,49.25,48.25,48.75,68842000
1/28/2019,48.75,49.25,48.5,48.75,44516700
1/29/2019,48.5,48.75,47.25,48.25,82281104
1/30/2019,48.5,48.5,47.5,48.25,51236800
1/31/2019,48.5,49.25,48.5,48.5,61479100
2/1/2019,48.75,49.5,48.5,49.5,45486300
2/4/2019,49.75,49.75,49.25,49.25,42524900
2/5/2019,49.25,49.25,48.75,49.25,18570600
2/6/2019,49.25,49.25,48.75,48.75,30913700
2/7/2019,48.75,49.5,48.75,49,43047500
2/8/2019,48.75,49,48.5,48.5,52078500
2/11/2019,48.25,48.5,48,48.25,45073400
2/12/2019,48.25,48.5,48,48.5,25236800
2/13/2019,48.75,49.25,48.25,49,55507500
2/14/2019,49,49.25,48.25,48.25,66581400
2/15/2019,48.25,48.5,47.75,48.25,51281500
2/18/2019,48.5,48.75,48.25,48.5,38098300
2/20/2019,48.25,49,48.25,49,54250800
2/21/2019,49,49.25,48.75,48.75,39701600
2/22/2019,48.5,49.5,48.25,49.25,54555900
2/25/2019,49.5,50,49.25,49.75,66032200
2/26/2019,49.5,49.5,49,49,56262500
2/27/2019,49,49.5,48.75,49.25,36652900
2/28/2019,49.25,49.5,48.5,48.5,74772600
3/1/2019,48.5,48.75,48.25,48.75,50324500
3/4/2019,48.5,49,48.25,48.75,42714600
3/5/2019,48.5,49,48.5,48.75,40786100
3/6/2019,48,48,47.5,47.5,39502400
3/7/2019,47.5,48,47.25,47.75,45868600
3/8/2019,47.75,48,47.25,47.5,42416300
3/11/2019,47.5,48,47.25,47.25,34589700
3/12/2019,47.5,47.75,47.25,47.25,34074500
3/13/2019,47.25,47.75,46.75,47.75,50919200
3/14/2019,48,48.5,47.75,48,47689700
3/15/2019,48.25,48.5,47.75,48.25,67054000
3/18/2019,48.25,48.5,47.5,47.75,50423100
3/19/2019,47.75,48.75,47.75,48.5,40416300
3/20/2019,48.5,48.75,48,48.25,37376700
3/21/2019,48.25,48.75,48.25,48.25,47539000
3/22/2019,48.75,49.25,48.5,48.75,46427000
3/25/2019,48.25,48.5,47.5,47.75,75544200
3/26/2019,48,48.25,47.5,48,48308300
3/27/2019,47.75,48,47.25,47.5,59392600
3/28/2019,47.25,47.75,47,47.5,45521900
3/29/2019,47.75,48,47.5,48,31394100
4/1/2019,48.25,48.5,48,48,42727400
4/2/2019,48.25,48.5,48,48,34675200
4/3/2019,48.25,48.5,47.75,48.25,62638000
4/4/2019,48.25,48.25,47.75,48,26875900
4/5/2019,48,48.25,47.5,47.75,28256400
4/9/2019,47.75,48.25,47.75,48,41015400
4/10/2019,48,48.5,48,48.25,47147000
4/11/2019,48.25,48.5,48,48.25,21735500
4/12/2019,48.25,48.5,48,48,20434800
4/17/2019,48.25,48.75,48,48.5,80575800
4/18/2019,48.75,48.75,48.25,48.75,26839600
4/19/2019,48.5,48.75,48.5,48.5,9213100
4/22/2019,48.5,49.5,48.5,49.25,85567696
4/23/2019,49.25,50,49.25,49.5,59826300
4/24/2019,50,50.25,49.5,49.5,66025200
4/25/2019,49.5,49.75,49.25,49.5,36027300
4/26/2019,49.75,49.75,49,49.25,42478000
4/29/2019,49,49.25,48.75,48.75,31093700
4/30/2019,49,49.25,48.5,48.75,36313700
5/2/2019,49,49.25,48.75,49,24142900
5/3/2019,49,49.5,48.75,49.25,34370400
5/7/2019,49,49,48.25,48.75,71380400
5/8/2019,48.5,48.5,48,48,60392200
5/9/2019,48,48.25,47.5,47.5,65309100
5/10/2019,47.75,48,47.5,47.75,39293800
5/13/2019,47.75,48,47.25,47.5,42830900
5/14/2019,47.25,47.75,47,47.25,53515100
5/15/2019,47.5,47.75,47.25,47.25,26120400
5/16/2019,47.25,47.5,47,47,38097800
5/17/2019,47.25,47.5,46.5,46.5,59669500
5/21/2019,46.5,46.75,46.25,46.25,63587200
5/22/2019,46.25,46.75,46.25,46.5,50385300
5/23/2019,46.25,46.5,45.75,45.75,32282200
5/24/2019,45.25,46,45,45.75,65756200
5/27/2019,46,46.75,46,46.25,25633000
5/28/2019,46.5,47.25,46,47.25,105796000
5/29/2019,47,47,46.5,46.5,32579800
5/30/2019,46.5,46.75,46.25,46.25,41340600
5/31/2019,46.25,46.75,46,46.25,38579900
6/4/2019,46,46.75,45.75,46.5,62919700
6/5/2019,47,47.25,46.75,47,41894200
6/6/2019,47,47.25,46.75,47,29504100
6/7/2019,47.25,47.25,46.75,47,31203700
6/10/2019,47.25,47.75,47,47.25,62287800
6/11/2019,47.25,47.75,47.25,47.5,53160200
6/12/2019,47.25,47.5,47,47,29206300
6/13/2019,46.75,47,46.5,47,53014500
6/14/2019,46.75,47,46.5,46.5,23853800
6/17/2019,46.75,47,46.5,46.5,29257600
6/18/2019,46.75,47.5,46.5,47.5,43570800
6/19/2019,47.75,48.5,47.75,48,96102896
6/20/2019,48.25,49,48,48.75,96692400
6/21/2019,49.25,49.5,48.5,49,101717200
6/24/2019,49,49.25,48.75,49,41335300
6/25/2019,49,49.25,48.25,48.75,63759000
6/26/2019,48.75,49,48.25,48.5,61454600
6/27/2019,48.75,49,48.5,48.75,41623900
6/28/2019,48.75,49,48.75,48.75,26162200
7/1/2019,49.5,49.5,49,49.5,52067800
7/2/2019,49.25,49.5,48.5,48.5,51490800
7/3/2019,48.5,48.5,48,48.25,44524800
7/4/2019,48.5,48.75,48,48.25,49509400
7/5/2019,48.25,48.5,48,48.25,20907100
7/8/2019,48,48.25,48,48.25,12375900
7/9/2019,48,48.25,47.75,47.75,39812400
7/10/2019,48,48.5,47.75,48.25,56289300
7/11/2019,48.5,48.75,48.25,48.25,47516200
7/12/2019,48.5,48.5,47.75,47.75,52101300
7/15/2019,47.75,48.5,47.5,47.75,52288400
7/17/2019,47.75,48.25,47.5,48,40867000
7/18/2019,47.75,48,47.5,47.75,42921300
7/19/2019,48,48,47.5,47.75,32629400
7/22/2019,47.5,48,47.5,47.75,34406000
7/23/2019,48,48,47.5,47.75,21060200
7/24/2019,47.75,48,47.25,47.75,34429900
7/25/2019,47.75,48,47.5,47.75,20087500
7/26/2019,47.5,47.75,47,47.25,41728200
7/30/2019,47.25,47.5,47,47.25,23789900
7/31/2019,47,47.5,47,47.25,34634400
8/1/2019,47,47.25,46.75,47.25,25010600
8/2/2019,46.75,46.75,45.75,46,109691800
8/5/2019,46,46.5,45.75,45.75,54457300
8/6/2019,45.25,45.75,45.25,45.5,63979300
8/7/2019,45.5,45.75,45,45,61688200
8/8/2019,45,45.25,44,44.25,89147104
8/9/2019,44.25,44.75,44,44.25,40806300
8/13/2019,44,44.25,42.5,43,101437800
8/14/2019,43.5,44,43,43.25,84574000
8/15/2019,42.75,43.25,42,42.25,99627296
8/16/2019,42.5,43,42.25,42.75,43127600
8/19/2019,43,43.5,42.75,43.25,47577500
8/20/2019,43.5,43.5,42.5,42.75,33490200
8/21/2019,43,43.5,42.75,43,29780800
8/22/2019,42.5,42.75,42,42.25,83616096
8/23/2019,42.5,42.75,42.25,42.5,20612900
8/26/2019,41.75,42,41,41,88299000
8/27/2019,41.25,41.5,40.75,40.75,80169296
8/28/2019,41,41.25,40.75,41,28287600
8/29/2019,41.25,43.5,41,43.25,109703104
8/30/2019,43.75,44.5,43.5,44.25,94049504
9/2/2019,44,44.25,43.5,43.5,48614200
9/3/2019,43.5,43.75,42.75,42.75,46176100
9/4/2019,43.25,43.75,42.75,43.5,45669600
9/5/2019,44.25,44.5,44,44.25,51698600
9/6/2019,44.5,44.75,44.25,44.5,29316600
9/9/2019,44.5,45,44.25,45,33094400
9/10/2019,45.25,45.5,45,45.5,44756700
9/11/2019,45.25,45.75,45,45.75,43756200
9/12/2019,45.75,46.25,45.5,45.5,37933400
9/13/2019,45.5,45.75,45.25,45.5,37103000
9/16/2019,46.75,47.25,46.75,47,109572704
9/17/2019,47.25,47.75,47,47.25,83573696
9/18/2019,46.5,46.75,45.5,45.75,91383800
9/19/2019,45.5,45.75,45,45.25,46595800
9/20/2019,45,45.75,44.75,45.5,72291504
9/23/2019,45.5,46,45,45.75,43060500
9/24/2019,45.75,46.5,45.75,46.25,39281300
9/25/2019,45.75,46,45.5,46,38430600
9/26/2019,46,46.5,46,46,41834400
9/27/2019,46,46.25,45.75,46,42434900
9/30/2019,46.25,46.25,45.75,46.25,48000500
10/1/2019,46,46,45.5,45.75,35882000
10/2/2019,45.5,45.75,45.25,45.75,41306600
10/3/2019,45.5,45.75,45.25,45.5,51159300
10/4/2019,45.75,46,45.5,45.75,18036800
10/7/2019,45.75,46,45.5,46,24833700
10/8/2019,46.25,46.5,45.75,45.75,25986400
10/9/2019,46,46,45.5,45.75,28119300
10/10/2019,45,45.25,44.5,44.5,44578000
10/11/2019,44.75,45.75,44.5,45.25,49071300
10/15/2019,45.25,45.75,44.75,45,31686200
10/16/2019,45,45.5,44.5,45,33940300
10/17/2019,45,45.25,44.25,44.25,41839500
10/18/2019,44.25,44.75,44,44.5,25782300
10/21/2019,44.5,44.75,44,44.25,21384300
10/22/2019,44.5,45,44.25,44.75,15780100
10/24/2019,45.25,45.25,44.25,44.75,41726700
10/25/2019,44.75,45,44.25,44.5,27856900
10/28/2019,44.5,44.75,44.25,44.5,23898200
10/29/2019,44.75,45,44.25,44.5,28255100
10/30/2019,44.5,45.75,44.25,45.5,59666100
10/31/2019,45.75,46,45,45.25,61242200
11/1/2019,45.25,45.5,44.75,45.25,30744800
11/4/2019,45.5,45.75,44.75,45.5,58485500
11/5/2019,46,46,45.5,45.75,54410800
11/6/2019,45.75,46,45.25,45.5,51214200
11/7/2019,45.25,46.25,45,46,80378200
11/8/2019,46,46.25,45.25,45.5,66256800
11/11/2019,45.25,45.75,45,45.25,45495600
11/12/2019,45.5,45.75,45,45.25,36738100
11/13/2019,45,45.25,45,45.25,19448300
11/14/2019,45.25,45.25,44.75,44.75,48616100
11/15/2019,45,45,44.5,44.75,28837900
11/18/2019,44.75,45,44.5,44.5,43191600
11/19/2019,44.5,44.5,43.25,43.75,96012896
11/20/2019,43.5,43.5,42.75,43,63434600
11/21/2019,43.25,43.25,42.75,43.25,39145000
11/22/2019,43.25,43.5,43,43.25,14441700
11/25/2019,43.5,43.5,43,43.5,38908500
11/26/2019,43.5,44.25,43.25,43.25,80037296
11/27/2019,43.25,43.75,43,43.5,47384800
11/28/2019,43.5,43.5,43.25,43.5,12772600
11/29/2019,43.25,43.75,43,43.25,43033900
12/2/2019,43.25,43.25,42.5,42.5,51835600
12/3/2019,42.5,42.5,41.75,41.75,50405700
12/4/2019,41.5,43,41.25,42.25,44312600
12/6/2019,42.25,42.75,42,42,34376400
12/9/2019,42.5,42.75,42,42.25,26918700
12/11/2019,42.5,42.5,41.5,42,61259700
12/12/2019,42.25,43.25,42.25,42.75,48892000
12/13/2019,44.25,44.75,44,44,61368700
12/16/2019,44.25,44.25,43.5,43.5,47295200
12/17/2019,43.75,44.25,43.25,43.75,41898500
12/18/2019,44.25,44.75,44,44.75,42178000
12/19/2019,44,44.5,43.25,44.25,64486600
12/20/2019,44.25,44.5,43.5,44.5,59579700
12/23/2019,44.5,45.25,44.25,44.75,23862100
12/24/2019,45,45,44,44.25,32913200
12/25/2019,44.25,44.25,43.75,44.25,11687500
12/26/2019,44.25,44.5,44.25,44.5,11117700
12/27/2019,44.5,44.75,43.5,44.25,55385800
12/30/2019,44.25,44.75,44,44,33688500
